sleep_hours,year,month,day,dow_Friday,dow_Monday,dow_Saturday,dow_Sunday,dow_Thursday,dow_Tuesday,dow_Wednesday
6.4,2015,2,19,0,0,0,0,1,0,0
7.583333333333333,2015,2,20,1,0,0,0,0,0,0
6.35,2015,2,21,0,0,1,0,0,0,0
6.5,2015,2,22,0,0,0,1,0,0,0
8.916666666666666,2015,2,23,0,1,0,0,0,0,0
6.6,2015,2,24,0,0,0,0,0,1,0
6.216666666666667,2015,2,25,0,0,0,0,0,0,1
5.283333333333333,2015,2,26,0,0,0,0,1,0,0
9.866666666666667,2015,2,27,1,0,0,0,0,0,0
5.966666666666667,2015,2,28,0,0,1,0,0,0,0
7.4,2015,3,1,0,0,0,1,0,0,0
6.083333333333333,2015,3,2,0,1,0,0,0,0,0
7.066666666666666,2015,3,3,0,0,0,0,0,1,0
6.95,2015,3,4,0,0,0,0,0,0,1
7.033333333333333,2015,3,8,0,0,0,1,0,0,0
7.433333333333334,2015,3,10,0,0,0,0,0,1,0
6.566666666666666,2015,3,11,0,0,0,0,0,0,1
6.283333333333333,2015,3,12,0,0,0,0,1,0,0
7.85,2015,3,14,0,0,1,0,0,0,0
6.566666666666666,2015,3,15,0,0,0,1,0,0,0
5.916666666666667,2015,3,16,0,1,0,0,0,0,0
9.916666666666666,2015,3,17,0,0,0,0,0,1,0
7.566666666666666,2015,3,21,0,0,1,0,0,0,0
7.9,2015,3,22,0,0,0,1,0,0,0
9.95,2015,3,26,0,0,0,0,1,0,0
7.066666666666666,2015,4,3,1,0,0,0,0,0,0
6.616666666666666,2015,4,6,0,1,0,0,0,0,0
6.95,2015,4,10,1,0,0,0,0,0,0
6.05,2015,4,16,0,0,0,0,1,0,0
8.066666666666666,2015,4,22,0,0,0,0,0,0,1
6.566666666666666,2015,4,26,0,0,0,1,0,0,0
7.05,2015,5,3,0,0,0,1,0,0,0
9.183333333333334,2015,5,4,0,1,0,0,0,0,0
3.1333333333333333,2015,5,5,0,0,0,0,0,1,0
5.933333333333334,2015,5,6,0,0,0,0,0,0,1
6.916666666666667,2015,5,9,0,0,1,0,0,0,0
6.983333333333333,2015,5,12,0,0,0,0,0,1,0
7.8,2015,5,15,1,0,0,0,0,0,0
6.116666666666666,2015,5,18,0,1,0,0,0,0,0
5.6,2015,5,19,0,0,0,0,0,1,0
6.5,2015,5,20,0,0,0,0,0,0,1
12.1,2015,5,23,0,0,1,0,0,0,0
6.283333333333333,2015,6,8,0,1,0,0,0,0,0
5.833333333333333,2015,6,9,0,0,0,0,0,1,0
10.033333333333331,2015,6,10,0,0,0,0,0,0,1
5.983333333333333,2015,7,5,0,0,0,1,0,0,0
7.05,2015,7,6,0,1,0,0,0,0,0
6.466666666666667,2015,7,7,0,0,0,0,0,1,0
6.9,2015,7,17,1,0,0,0,0,0,0
7.116666666666666,2015,7,18,0,0,1,0,0,0,0
6.366666666666666,2015,7,19,0,0,0,1,0,0,0
5.166666666666667,2015,7,20,0,1,0,0,0,0,0
7.85,2015,7,21,0,0,0,0,0,1,0
5.916666666666667,2015,7,22,0,0,0,0,0,0,1
6.916666666666667,2015,7,23,0,0,0,0,1,0,0
6.45,2015,7,24,1,0,0,0,0,0,0
7.783333333333333,2015,7,25,0,0,1,0,0,0,0
6.683333333333334,2015,7,28,0,0,0,0,0,1,0
6.85,2015,7,29,0,0,0,0,0,0,1
6.483333333333333,2015,7,30,0,0,0,0,1,0,0
6.833333333333333,2015,7,31,1,0,0,0,0,0,0
8.066666666666666,2015,8,1,0,0,1,0,0,0,0
6.05,2015,8,2,0,0,0,1,0,0,0
6.816666666666666,2015,8,3,0,1,0,0,0,0,0
7.1,2015,8,4,0,0,0,0,0,1,0
5.566666666666666,2015,8,5,0,0,0,0,0,0,1
7.25,2015,8,6,0,0,0,0,1,0,0
7.416666666666667,2015,8,7,1,0,0,0,0,0,0
4.516666666666667,2015,8,8,0,0,1,0,0,0,0
5.95,2015,8,9,0,0,0,1,0,0,0
7.083333333333333,2015,8,10,0,1,0,0,0,0,0
6.666666666666667,2015,8,11,0,0,0,0,0,1,0
7.133333333333334,2015,8,12,0,0,0,0,0,0,1
7.316666666666666,2015,8,13,0,0,0,0,1,0,0
8.05,2015,8,14,1,0,0,0,0,0,0
6.0,2015,8,15,0,0,1,0,0,0,0
6.8,2015,8,16,0,0,0,1,0,0,0
6.816666666666666,2015,8,17,0,1,0,0,0,0,0
6.4,2015,8,18,0,0,0,0,0,1,0
7.183333333333334,2015,8,19,0,0,0,0,0,0,1
6.8,2015,8,20,0,0,0,0,1,0,0
7.55,2015,8,21,1,0,0,0,0,0,0
6.416666666666667,2015,8,22,0,0,1,0,0,0,0
6.816666666666666,2015,8,23,0,0,0,1,0,0,0
6.266666666666667,2015,8,24,0,1,0,0,0,0,0
6.55,2015,8,25,0,0,0,0,0,1,0
6.916666666666667,2015,8,26,0,0,0,0,0,0,1
7.433333333333334,2015,8,27,0,0,0,0,1,0,0
6.083333333333333,2015,8,28,1,0,0,0,0,0,0
6.633333333333334,2015,8,29,0,0,1,0,0,0,0
6.8,2015,8,30,0,0,0,1,0,0,0
7.216666666666667,2015,8,31,0,1,0,0,0,0,0
5.566666666666666,2015,9,1,0,0,0,0,0,1,0
8.116666666666667,2015,9,2,0,0,0,0,0,0,1
7.85,2015,9,3,0,0,0,0,1,0,0
6.533333333333333,2015,9,4,1,0,0,0,0,0,0
7.883333333333334,2015,9,5,0,0,1,0,0,0,0
8.566666666666666,2015,9,6,0,0,0,1,0,0,0
6.9,2015,9,7,0,1,0,0,0,0,0
5.983333333333333,2015,9,8,0,0,0,0,0,1,0
6.116666666666666,2015,9,9,0,0,0,0,0,0,1
6.183333333333334,2015,9,10,0,0,0,0,1,0,0
7.016666666666667,2015,9,11,1,0,0,0,0,0,0
7.416666666666667,2015,9,12,0,0,1,0,0,0,0
7.083333333333333,2015,9,13,0,0,0,1,0,0,0
6.283333333333333,2015,9,14,0,1,0,0,0,0,0
3.9166666666666665,2015,9,15,0,0,0,0,0,1,0
7.3,2015,9,16,0,0,0,0,0,0,1
6.783333333333333,2015,9,17,0,0,0,0,1,0,0
5.35,2015,9,18,1,0,0,0,0,0,0
7.4,2015,9,19,0,0,1,0,0,0,0
6.716666666666667,2015,9,20,0,0,0,1,0,0,0
6.983333333333333,2015,9,21,0,1,0,0,0,0,0
6.75,2015,9,22,0,0,0,0,0,1,0
6.033333333333333,2015,9,23,0,0,0,0,0,0,1
6.116666666666666,2015,9,24,0,0,0,0,1,0,0
7.033333333333333,2015,9,25,1,0,0,0,0,0,0
7.433333333333334,2015,9,26,0,0,1,0,0,0,0
6.75,2015,9,27,0,0,0,1,0,0,0
6.933333333333334,2015,9,28,0,1,0,0,0,0,0
6.75,2015,9,29,0,0,0,0,0,1,0
6.433333333333334,2015,9,30,0,0,0,0,0,0,1
5.9,2015,10,1,0,0,0,0,1,0,0
8.183333333333334,2015,10,2,1,0,0,0,0,0,0
5.466666666666667,2015,10,3,0,0,1,0,0,0,0
5.683333333333334,2015,10,4,0,0,0,1,0,0,0
7.083333333333333,2015,10,5,0,1,0,0,0,0,0
6.133333333333334,2015,10,6,0,0,0,0,0,1,0
6.516666666666667,2015,10,7,0,0,0,0,0,0,1
6.4,2015,10,8,0,0,0,0,1,0,0
5.866666666666666,2015,10,9,1,0,0,0,0,0,0
8.0,2015,10,10,0,0,1,0,0,0,0
7.183333333333334,2015,10,11,0,0,0,1,0,0,0
6.116666666666666,2015,10,12,0,1,0,0,0,0,0
3.5,2015,10,13,0,0,0,0,0,1,0
7.016666666666667,2015,10,14,0,0,0,0,0,0,1
6.583333333333333,2015,10,15,0,0,0,0,1,0,0
7.216666666666667,2015,10,16,1,0,0,0,0,0,0
7.0,2015,10,17,0,0,1,0,0,0,0
7.266666666666667,2015,10,18,0,0,0,1,0,0,0
7.15,2015,10,19,0,1,0,0,0,0,0
6.416666666666667,2015,10,20,0,0,0,0,0,1,0
6.416666666666667,2015,10,21,0,0,0,0,0,0,1
6.316666666666666,2015,10,22,0,0,0,0,1,0,0
7.25,2015,10,23,1,0,0,0,0,0,0
6.583333333333333,2015,10,24,0,0,1,0,0,0,0
7.0,2015,10,25,0,0,0,1,0,0,0
3.966666666666667,2015,10,26,0,1,0,0,0,0,0
6.983333333333333,2015,10,27,0,0,0,0,0,1,0
6.783333333333333,2015,10,28,0,0,0,0,0,0,1
4.816666666666666,2015,10,29,0,0,0,0,1,0,0
7.016666666666667,2015,10,30,1,0,0,0,0,0,0
7.933333333333334,2015,10,31,0,0,1,0,0,0,0
7.683333333333334,2015,11,1,0,0,0,1,0,0,0
5.4,2015,11,2,0,1,0,0,0,0,0
7.216666666666667,2015,11,3,0,0,0,0,0,1,0
7.55,2015,11,4,0,0,0,0,0,0,1
6.333333333333333,2015,11,5,0,0,0,0,1,0,0
5.283333333333333,2015,11,6,1,0,0,0,0,0,0
6.05,2015,11,7,0,0,1,0,0,0,0
6.233333333333333,2015,11,8,0,0,0,1,0,0,0
5.85,2015,11,9,0,1,0,0,0,0,0
7.5,2015,11,10,0,0,0,0,0,1,0
6.95,2015,11,11,0,0,0,0,0,0,1
7.233333333333333,2015,11,12,0,0,0,0,1,0,0
7.466666666666667,2015,11,13,1,0,0,0,0,0,0
6.916666666666667,2015,11,14,0,0,1,0,0,0,0
6.433333333333334,2015,11,15,0,0,0,1,0,0,0
6.683333333333334,2015,11,16,0,1,0,0,0,0,0
7.0,2015,11,17,0,0,0,0,0,1,0
6.466666666666667,2015,11,18,0,0,0,0,0,0,1
6.183333333333334,2015,11,19,0,0,0,0,1,0,0
6.133333333333334,2015,11,20,1,0,0,0,0,0,0
9.183333333333334,2015,11,21,0,0,1,0,0,0,0
7.016666666666667,2015,11,22,0,0,0,1,0,0,0
5.15,2015,11,23,0,1,0,0,0,0,0
6.85,2015,11,24,0,0,0,0,0,1,0
8.05,2015,11,25,0,0,0,0,0,0,1
6.666666666666667,2015,11,26,0,0,0,0,1,0,0
5.8,2015,11,27,1,0,0,0,0,0,0
7.183333333333334,2015,11,28,0,0,1,0,0,0,0
7.083333333333333,2015,11,29,0,0,0,1,0,0,0
6.633333333333334,2015,11,30,0,1,0,0,0,0,0
6.666666666666667,2015,12,1,0,0,0,0,0,1,0
6.166666666666667,2015,12,2,0,0,0,0,0,0,1
6.833333333333333,2015,12,3,0,0,0,0,1,0,0
7.766666666666667,2015,12,4,1,0,0,0,0,0,0
6.133333333333334,2015,12,5,0,0,1,0,0,0,0
7.766666666666667,2015,12,6,0,0,0,1,0,0,0
6.466666666666667,2015,12,7,0,1,0,0,0,0,0
8.866666666666667,2015,12,8,0,0,0,0,0,1,0
6.216666666666667,2015,12,9,0,0,0,0,0,0,1
6.483333333333333,2015,12,10,0,0,0,0,1,0,0
5.65,2015,12,11,1,0,0,0,0,0,0
7.55,2015,12,12,0,0,1,0,0,0,0
8.566666666666666,2015,12,13,0,0,0,1,0,0,0
6.85,2015,12,14,0,1,0,0,0,0,0
8.0,2015,12,15,0,0,0,0,0,1,0
7.466666666666667,2015,12,16,0,0,0,0,0,0,1
6.783333333333333,2015,12,17,0,0,0,0,1,0,0
6.933333333333334,2015,12,18,1,0,0,0,0,0,0
4.883333333333334,2015,12,19,0,0,1,0,0,0,0
4.233333333333333,2015,12,20,0,0,0,1,0,0,0
6.766666666666667,2015,12,21,0,1,0,0,0,0,0
6.066666666666666,2015,12,22,0,0,0,0,0,1,0
4.5,2015,12,23,0,0,0,0,0,0,1
7.433333333333334,2015,12,24,0,0,0,0,1,0,0
7.333333333333333,2015,12,25,1,0,0,0,0,0,0
6.866666666666666,2015,12,26,0,0,1,0,0,0,0
7.35,2015,12,27,0,0,0,1,0,0,0
6.65,2015,12,28,0,1,0,0,0,0,0
7.183333333333334,2015,12,29,0,0,0,0,0,1,0
5.85,2015,12,30,0,0,0,0,0,0,1
7.3,2015,12,31,0,0,0,0,1,0,0
7.833333333333333,2016,1,1,1,0,0,0,0,0,0
7.333333333333333,2016,1,2,0,0,1,0,0,0,0
6.933333333333334,2016,1,3,0,0,0,1,0,0,0
5.983333333333333,2016,1,4,0,1,0,0,0,0,0
7.116666666666666,2016,1,5,0,0,0,0,0,1,0
6.85,2016,1,6,0,0,0,0,0,0,1
6.85,2016,1,7,0,0,0,0,1,0,0
7.05,2016,1,8,1,0,0,0,0,0,0
6.316666666666666,2016,1,9,0,0,1,0,0,0,0
7.1,2016,1,10,0,0,0,1,0,0,0
5.666666666666667,2016,1,11,0,1,0,0,0,0,0
6.416666666666667,2016,1,12,0,0,0,0,0,1,0
5.583333333333333,2016,1,13,0,0,0,0,0,0,1
7.433333333333334,2016,1,14,0,0,0,0,1,0,0
7.2,2016,1,15,1,0,0,0,0,0,0
7.483333333333333,2016,1,16,0,0,1,0,0,0,0
7.616666666666666,2016,1,17,0,0,0,1,0,0,0
5.866666666666666,2016,1,18,0,1,0,0,0,0,0
6.35,2016,1,19,0,0,0,0,0,1,0
7.016666666666667,2016,1,20,0,0,0,0,0,0,1
7.133333333333334,2016,1,21,0,0,0,0,1,0,0
6.983333333333333,2016,1,22,1,0,0,0,0,0,0
6.4,2016,1,23,0,0,1,0,0,0,0
7.566666666666666,2016,1,24,0,0,0,1,0,0,0
7.05,2016,1,25,0,1,0,0,0,0,0
6.366666666666666,2016,1,26,0,0,0,0,0,1,0
5.3,2016,1,27,0,0,0,0,0,0,1
7.25,2016,1,28,0,0,0,0,1,0,0
5.333333333333333,2016,1,29,1,0,0,0,0,0,0
6.666666666666667,2016,1,30,0,0,1,0,0,0,0
6.966666666666667,2016,1,31,0,0,0,1,0,0,0
6.683333333333334,2016,2,1,0,1,0,0,0,0,0
6.75,2016,2,2,0,0,0,0,0,1,0
7.333333333333333,2016,2,3,0,0,0,0,0,0,1
6.116666666666666,2016,2,4,0,0,0,0,1,0,0
7.416666666666667,2016,2,5,1,0,0,0,0,0,0
7.366666666666666,2016,2,6,0,0,1,0,0,0,0
7.4,2016,2,7,0,0,0,1,0,0,0
6.366666666666666,2016,2,8,0,1,0,0,0,0,0
6.166666666666667,2016,2,9,0,0,0,0,0,1,0
6.816666666666666,2016,2,10,0,0,0,0,0,0,1
7.133333333333334,2016,2,11,0,0,0,0,1,0,0
4.5,2016,2,12,1,0,0,0,0,0,0
8.483333333333333,2016,2,13,0,0,1,0,0,0,0
3.733333333333333,2016,2,14,0,0,0,1,0,0,0
5.533333333333333,2016,2,15,0,1,0,0,0,0,0
6.9,2016,2,16,0,0,0,0,0,1,0
6.416666666666667,2016,2,17,0,0,0,0,0,0,1
6.6,2016,2,18,0,0,0,0,1,0,0
1.2666666666666666,2016,2,19,1,0,0,0,0,0,0
6.983333333333333,2016,2,20,0,0,1,0,0,0,0
7.55,2016,2,21,0,0,0,1,0,0,0
6.316666666666666,2016,2,22,0,1,0,0,0,0,0
7.216666666666667,2016,2,23,0,0,0,0,0,1,0
6.016666666666667,2016,2,24,0,0,0,0,0,0,1
4.35,2016,2,25,0,0,0,0,1,0,0
7.233333333333333,2016,2,26,1,0,0,0,0,0,0
7.05,2016,2,27,0,0,1,0,0,0,0
6.55,2016,2,28,0,0,0,1,0,0,0
5.716666666666667,2016,2,29,0,1,0,0,0,0,0
7.516666666666667,2016,3,1,0,0,0,0,0,1,0
6.783333333333333,2016,3,2,0,0,0,0,0,0,1
6.416666666666667,2016,3,3,0,0,0,0,1,0,0
6.866666666666666,2016,3,4,1,0,0,0,0,0,0
6.933333333333334,2016,3,5,0,0,1,0,0,0,0
6.416666666666667,2016,3,8,0,0,0,0,0,1,0
6.65,2016,3,9,0,0,0,0,0,0,1
5.9,2016,3,10,0,0,0,0,1,0,0
6.7,2016,3,11,1,0,0,0,0,0,0
8.283333333333333,2016,3,12,0,0,1,0,0,0,0
6.566666666666666,2016,3,13,0,0,0,1,0,0,0
5.966666666666667,2016,3,14,0,1,0,0,0,0,0
7.316666666666666,2016,3,16,0,0,0,0,0,0,1
6.733333333333333,2016,3,17,0,0,0,0,1,0,0
2.35,2016,3,18,1,0,0,0,0,0,0
7.133333333333334,2016,3,19,0,0,1,0,0,0,0
6.233333333333333,2016,3,20,0,0,0,1,0,0,0
7.416666666666667,2016,3,21,0,1,0,0,0,0,0
6.633333333333334,2016,3,22,0,0,0,0,0,1,0
7.216666666666667,2016,3,23,0,0,0,0,0,0,1
6.633333333333334,2016,3,24,0,0,0,0,1,0,0
7.4,2016,3,25,1,0,0,0,0,0,0
7.466666666666667,2016,3,26,0,0,1,0,0,0,0
6.883333333333334,2016,3,27,0,0,0,1,0,0,0
7.2,2016,3,28,0,1,0,0,0,0,0
6.266666666666667,2016,3,29,0,0,0,0,0,1,0
6.933333333333334,2016,3,30,0,0,0,0,0,0,1
6.15,2016,3,31,0,0,0,0,1,0,0
7.233333333333333,2016,4,1,1,0,0,0,0,0,0
6.583333333333333,2016,4,2,0,0,1,0,0,0,0
6.983333333333333,2016,4,3,0,0,0,1,0,0,0
3.65,2016,4,4,0,1,0,0,0,0,0
7.116666666666666,2016,4,5,0,0,0,0,0,1,0
5.2,2016,4,6,0,0,0,0,0,0,1
7.233333333333333,2016,4,8,1,0,0,0,0,0,0
7.933333333333334,2016,4,9,0,0,1,0,0,0,0
6.85,2016,4,10,0,0,0,1,0,0,0
7.583333333333333,2016,4,11,0,1,0,0,0,0,0
6.333333333333333,2016,4,12,0,0,0,0,0,1,0
6.5,2016,4,13,0,0,0,0,0,0,1
7.1,2016,4,14,0,0,0,0,1,0,0
6.216666666666667,2016,4,15,1,0,0,0,0,0,0
9.283333333333331,2016,4,16,0,0,1,0,0,0,0
7.166666666666667,2016,4,17,0,0,0,1,0,0,0
6.033333333333333,2016,4,18,0,1,0,0,0,0,0
6.683333333333334,2016,4,19,0,0,0,0,0,1,0
5.766666666666667,2016,4,20,0,0,0,0,0,0,1
5.833333333333333,2016,4,21,0,0,0,0,1,0,0
7.383333333333334,2016,4,22,1,0,0,0,0,0,0
7.583333333333333,2016,4,23,0,0,1,0,0,0,0
7.05,2016,4,24,0,0,0,1,0,0,0
6.466666666666667,2016,4,25,0,1,0,0,0,0,0
7.183333333333334,2016,4,26,0,0,0,0,0,1,0
7.0,2016,4,27,0,0,0,0,0,0,1
7.016666666666667,2016,4,28,0,0,0,0,1,0,0
6.6,2016,4,29,1,0,0,0,0,0,0
7.733333333333333,2016,4,30,0,0,1,0,0,0,0
6.983333333333333,2016,5,1,0,0,0,1,0,0,0
6.45,2016,5,2,0,1,0,0,0,0,0
7.75,2016,5,3,0,0,0,0,0,1,0
6.116666666666666,2016,5,4,0,0,0,0,0,0,1
7.15,2016,5,5,0,0,0,0,1,0,0
7.733333333333333,2016,5,6,1,0,0,0,0,0,0
6.616666666666666,2016,5,7,0,0,1,0,0,0,0
6.933333333333334,2016,5,8,0,0,0,1,0,0,0
6.5,2016,5,9,0,1,0,0,0,0,0
6.2,2016,5,10,0,0,0,0,0,1,0
5.916666666666667,2016,5,11,0,0,0,0,0,0,1
7.083333333333333,2016,5,12,0,0,0,0,1,0,0
7.016666666666667,2016,5,13,1,0,0,0,0,0,0
7.8,2016,5,14,0,0,1,0,0,0,0
6.766666666666667,2016,5,15,0,0,0,1,0,0,0
6.2,2016,5,16,0,1,0,0,0,0,0
6.633333333333334,2016,5,17,0,0,0,0,0,1,0
7.016666666666667,2016,5,18,0,0,0,0,0,0,1
8.35,2016,5,19,0,0,0,0,1,0,0
6.566666666666666,2016,5,20,1,0,0,0,0,0,0
7.483333333333333,2016,5,21,0,0,1,0,0,0,0
7.216666666666667,2016,5,22,0,0,0,1,0,0,0
7.583333333333333,2016,5,23,0,1,0,0,0,0,0
6.75,2016,5,24,0,0,0,0,0,1,0
5.883333333333334,2016,5,25,0,0,0,0,0,0,1
6.566666666666666,2016,5,26,0,0,0,0,1,0,0
7.6,2016,5,27,1,0,0,0,0,0,0
7.166666666666667,2016,5,28,0,0,1,0,0,0,0
7.166666666666667,2016,5,29,0,0,0,1,0,0,0
6.616666666666666,2016,5,30,0,1,0,0,0,0,0
5.7,2016,5,31,0,0,0,0,0,1,0
5.616666666666666,2016,6,1,0,0,0,0,0,0,1
6.416666666666667,2016,6,2,0,0,0,0,1,0,0
7.316666666666666,2016,6,3,1,0,0,0,0,0,0
7.3,2016,6,4,0,0,1,0,0,0,0
7.566666666666666,2016,6,5,0,0,0,1,0,0,0
5.816666666666666,2016,6,6,0,1,0,0,0,0,0
6.833333333333333,2016,6,7,0,0,0,0,0,1,0
7.3,2016,6,8,0,0,0,0,0,0,1
6.016666666666667,2016,6,9,0,0,0,0,1,0,0
6.183333333333334,2016,6,10,1,0,0,0,0,0,0
6.033333333333333,2016,6,11,0,0,1,0,0,0,0
7.1,2016,6,12,0,0,0,1,0,0,0
6.783333333333333,2016,6,13,0,1,0,0,0,0,0
7.616666666666666,2016,6,14,0,0,0,0,0,1,0
5.716666666666667,2016,6,15,0,0,0,0,0,0,1
7.216666666666667,2016,6,16,0,0,0,0,1,0,0
7.0,2016,6,17,1,0,0,0,0,0,0
7.55,2016,6,18,0,0,1,0,0,0,0
6.683333333333334,2016,6,19,0,0,0,1,0,0,0
6.816666666666666,2016,6,20,0,1,0,0,0,0,0
6.283333333333333,2016,6,21,0,0,0,0,0,1,0
6.733333333333333,2016,6,22,0,0,0,0,0,0,1
6.483333333333333,2016,6,23,0,0,0,0,1,0,0
6.883333333333334,2016,6,24,1,0,0,0,0,0,0
7.233333333333333,2016,6,25,0,0,1,0,0,0,0
7.083333333333333,2016,6,26,0,0,0,1,0,0,0
6.716666666666667,2016,6,27,0,1,0,0,0,0,0
6.416666666666667,2016,6,28,0,0,0,0,0,1,0
6.55,2016,6,29,0,0,0,0,0,0,1
4.966666666666667,2016,6,30,0,0,0,0,1,0,0
8.55,2016,7,1,1,0,0,0,0,0,0
6.55,2016,7,2,0,0,1,0,0,0,0
5.95,2016,7,3,0,0,0,1,0,0,0
6.283333333333333,2016,7,4,0,1,0,0,0,0,0
6.133333333333334,2016,7,5,0,0,0,0,0,1,0
5.766666666666667,2016,7,6,0,0,0,0,0,0,1
6.566666666666666,2016,7,7,0,0,0,0,1,0,0
7.516666666666667,2016,7,8,1,0,0,0,0,0,0
8.0,2016,7,9,0,0,1,0,0,0,0
6.333333333333333,2016,7,10,0,0,0,1,0,0,0
7.216666666666667,2016,7,11,0,1,0,0,0,0,0
6.55,2016,7,12,0,0,0,0,0,1,0
6.15,2016,7,13,0,0,0,0,0,0,1
6.783333333333333,2016,7,14,0,0,0,0,1,0,0
6.666666666666667,2016,7,15,1,0,0,0,0,0,0
6.25,2016,7,16,0,0,1,0,0,0,0
6.85,2016,7,17,0,0,0,1,0,0,0
6.366666666666666,2016,7,18,0,1,0,0,0,0,0
5.833333333333333,2016,7,19,0,0,0,0,0,1,0
7.266666666666667,2016,7,20,0,0,0,0,0,0,1
6.133333333333334,2016,7,21,0,0,0,0,1,0,0
6.95,2016,7,22,1,0,0,0,0,0,0
7.6,2016,7,23,0,0,1,0,0,0,0
6.766666666666667,2016,7,24,0,0,0,1,0,0,0
6.716666666666667,2016,7,25,0,1,0,0,0,0,0
6.25,2016,7,26,0,0,0,0,0,1,0
6.5,2016,7,27,0,0,0,0,0,0,1
7.333333333333333,2016,7,28,0,0,0,0,1,0,0
7.15,2016,7,29,1,0,0,0,0,0,0
6.416666666666667,2016,7,30,0,0,1,0,0,0,0
7.216666666666667,2016,7,31,0,0,0,1,0,0,0
6.45,2016,8,1,0,1,0,0,0,0,0
6.883333333333334,2016,8,2,0,0,0,0,0,1,0
7.3,2016,8,3,0,0,0,0,0,0,1
6.85,2016,8,4,0,0,0,0,1,0,0
7.783333333333333,2016,8,5,1,0,0,0,0,0,0
7.416666666666667,2016,8,6,0,0,1,0,0,0,0
6.9,2016,8,7,0,0,0,1,0,0,0
6.366666666666666,2016,8,8,0,1,0,0,0,0,0
7.166666666666667,2016,8,9,0,0,0,0,0,1,0
5.3,2016,8,10,0,0,0,0,0,0,1
5.966666666666667,2016,8,11,0,0,0,0,1,0,0
6.5,2016,8,12,1,0,0,0,0,0,0
7.4,2016,8,13,0,0,1,0,0,0,0
7.3,2016,8,14,0,0,0,1,0,0,0
6.6,2016,8,15,0,1,0,0,0,0,0
7.566666666666666,2016,8,16,0,0,0,0,0,1,0
7.15,2016,8,17,0,0,0,0,0,0,1
7.3,2016,8,18,0,0,0,0,1,0,0
7.133333333333334,2016,8,19,1,0,0,0,0,0,0
8.033333333333333,2016,8,20,0,0,1,0,0,0,0
7.583333333333333,2016,8,21,0,0,0,1,0,0,0
3.7,2016,8,22,0,1,0,0,0,0,0
6.166666666666667,2016,8,23,0,0,0,0,0,1,0
5.666666666666667,2016,8,24,0,0,0,0,0,0,1
5.25,2016,8,25,0,0,0,0,1,0,0
7.5,2016,8,26,1,0,0,0,0,0,0
7.183333333333334,2016,8,27,0,0,1,0,0,0,0
6.333333333333333,2016,8,28,0,0,0,1,0,0,0
6.283333333333333,2016,8,29,0,1,0,0,0,0,0
7.483333333333333,2016,8,30,0,0,0,0,0,1,0
5.833333333333333,2016,8,31,0,0,0,0,0,0,1
6.483333333333333,2016,9,1,0,0,0,0,1,0,0
6.583333333333333,2016,9,2,1,0,0,0,0,0,0
7.55,2016,9,3,0,0,1,0,0,0,0
7.033333333333333,2016,9,4,0,0,0,1,0,0,0
6.1,2016,9,5,0,1,0,0,0,0,0
8.166666666666666,2016,9,6,0,0,0,0,0,1,0
6.633333333333334,2016,9,7,0,0,0,0,0,0,1
6.8,2016,9,8,0,0,0,0,1,0,0
6.566666666666666,2016,9,9,1,0,0,0,0,0,0
7.783333333333333,2016,9,10,0,0,1,0,0,0,0
5.833333333333333,2016,9,11,0,0,0,1,0,0,0
6.216666666666667,2016,9,12,0,1,0,0,0,0,0
8.233333333333333,2016,9,13,0,0,0,0,0,1,0
7.45,2016,9,14,0,0,0,0,0,0,1
6.483333333333333,2016,9,15,0,0,0,0,1,0,0
7.166666666666667,2016,9,16,1,0,0,0,0,0,0
5.783333333333333,2016,9,17,0,0,1,0,0,0,0
7.333333333333333,2016,9,18,0,0,0,1,0,0,0
5.75,2016,9,19,0,1,0,0,0,0,0
7.366666666666666,2016,9,20,0,0,0,0,0,1,0
6.1,2016,9,21,0,0,0,0,0,0,1
7.2,2016,9,22,0,0,0,0,1,0,0
7.833333333333333,2016,9,23,1,0,0,0,0,0,0
7.15,2016,9,24,0,0,1,0,0,0,0
6.4,2016,9,25,0,0,0,1,0,0,0
5.966666666666667,2016,9,26,0,1,0,0,0,0,0
6.35,2016,9,27,0,0,0,0,0,1,0
6.383333333333334,2016,9,28,0,0,0,0,0,0,1
6.35,2016,9,29,0,0,0,0,1,0,0
7.233333333333333,2016,9,30,1,0,0,0,0,0,0
5.966666666666667,2016,10,1,0,0,1,0,0,0,0
6.633333333333334,2016,10,2,0,0,0,1,0,0,0
6.183333333333334,2016,10,3,0,1,0,0,0,0,0
8.133333333333333,2016,10,4,0,0,0,0,0,1,0
7.5,2016,10,5,0,0,0,0,0,0,1
6.833333333333333,2016,10,6,0,0,0,0,1,0,0
7.666666666666667,2016,10,7,1,0,0,0,0,0,0
6.7,2016,10,8,0,0,1,0,0,0,0
6.8,2016,10,9,0,0,0,1,0,0,0
6.283333333333333,2016,10,10,0,1,0,0,0,0,0
5.35,2016,10,11,0,0,0,0,0,1,0
5.583333333333333,2016,10,12,0,0,0,0,0,0,1
6.2,2016,10,13,0,0,0,0,1,0,0
6.866666666666666,2016,10,14,1,0,0,0,0,0,0
6.583333333333333,2016,10,15,0,0,1,0,0,0,0
5.966666666666667,2016,10,16,0,0,0,1,0,0,0
6.633333333333334,2016,10,17,0,1,0,0,0,0,0
6.433333333333334,2016,10,18,0,0,0,0,0,1,0
6.866666666666666,2016,10,19,0,0,0,0,0,0,1
7.3,2016,10,20,0,0,0,0,1,0,0
7.483333333333333,2016,10,21,1,0,0,0,0,0,0
6.433333333333334,2016,10,22,0,0,1,0,0,0,0
7.183333333333334,2016,10,23,0,0,0,1,0,0,0
7.05,2016,10,24,0,1,0,0,0,0,0
7.033333333333333,2016,10,25,0,0,0,0,0,1,0
6.3,2016,10,26,0,0,0,0,0,0,1
7.45,2016,10,27,0,0,0,0,1,0,0
6.25,2016,10,28,1,0,0,0,0,0,0
5.916666666666667,2016,10,29,0,0,1,0,0,0,0
6.683333333333334,2016,10,30,0,0,0,1,0,0,0
6.083333333333333,2016,10,31,0,1,0,0,0,0,0
6.133333333333334,2016,11,1,0,0,0,0,0,1,0
6.616666666666666,2016,11,2,0,0,0,0,0,0,1
6.65,2016,11,4,1,0,0,0,0,0,0
9.916666666666666,2016,11,5,0,0,1,0,0,0,0
6.266666666666667,2016,11,6,0,0,0,1,0,0,0
5.933333333333334,2016,11,7,0,1,0,0,0,0,0
5.55,2016,11,8,0,0,0,0,0,1,0
6.666666666666667,2016,11,9,0,0,0,0,0,0,1
6.283333333333333,2016,11,10,0,0,0,0,1,0,0
6.433333333333334,2016,11,11,1,0,0,0,0,0,0
5.766666666666667,2016,11,12,0,0,1,0,0,0,0
6.166666666666667,2016,11,13,0,0,0,1,0,0,0
6.266666666666667,2016,11,14,0,1,0,0,0,0,0
6.883333333333334,2016,11,15,0,0,0,0,0,1,0
7.383333333333334,2016,11,16,0,0,0,0,0,0,1
7.35,2016,11,17,0,0,0,0,1,0,0
6.5,2016,11,18,1,0,0,0,0,0,0
7.083333333333333,2016,11,19,0,0,1,0,0,0,0
6.9,2016,11,20,0,0,0,1,0,0,0
6.166666666666667,2016,11,21,0,1,0,0,0,0,0
7.083333333333333,2016,11,22,0,0,0,0,0,1,0
7.15,2016,11,23,0,0,0,0,0,0,1
7.533333333333333,2016,11,24,0,0,0,0,1,0,0
6.933333333333334,2016,11,25,1,0,0,0,0,0,0
5.65,2016,11,26,0,0,1,0,0,0,0
6.65,2016,11,27,0,0,0,1,0,0,0
6.366666666666666,2016,11,28,0,1,0,0,0,0,0
5.2,2016,11,29,0,0,0,0,0,1,0
6.85,2016,11,30,0,0,0,0,0,0,1
6.416666666666667,2016,12,1,0,0,0,0,1,0,0
6.633333333333334,2016,12,2,1,0,0,0,0,0,0
6.766666666666667,2016,12,3,0,0,1,0,0,0,0
7.05,2016,12,4,0,0,0,1,0,0,0
6.8,2016,12,5,0,1,0,0,0,0,0
5.05,2016,12,6,0,0,0,0,0,1,0
6.8,2016,12,7,0,0,0,0,0,0,1
6.2,2016,12,8,0,0,0,0,1,0,0
7.266666666666667,2016,12,9,1,0,0,0,0,0,0
7.1,2016,12,10,0,0,1,0,0,0,0
6.666666666666667,2016,12,11,0,0,0,1,0,0,0
5.516666666666667,2016,12,12,0,1,0,0,0,0,0
6.283333333333333,2016,12,13,0,0,0,0,0,1,0
6.366666666666666,2016,12,14,0,0,0,0,0,0,1
5.633333333333334,2016,12,15,0,0,0,0,1,0,0
6.633333333333334,2016,12,16,1,0,0,0,0,0,0
7.4,2016,12,17,0,0,1,0,0,0,0
6.683333333333334,2016,12,18,0,0,0,1,0,0,0
6.133333333333334,2016,12,19,0,1,0,0,0,0,0
6.933333333333334,2016,12,20,0,0,0,0,0,1,0
5.633333333333334,2016,12,21,0,0,0,0,0,0,1
6.733333333333333,2016,12,22,0,0,0,0,1,0,0
8.05,2016,12,23,1,0,0,0,0,0,0
6.566666666666666,2016,12,24,0,0,1,0,0,0,0
7.233333333333333,2016,12,25,0,0,0,1,0,0,0
7.3,2016,12,26,0,1,0,0,0,0,0
7.216666666666667,2016,12,27,0,0,0,0,0,1,0
5.85,2016,12,28,0,0,0,0,0,0,1
5.833333333333333,2016,12,29,0,0,0,0,1,0,0
5.966666666666667,2016,12,30,1,0,0,0,0,0,0
6.916666666666667,2016,12,31,0,0,1,0,0,0,0
7.333333333333333,2017,1,1,0,0,0,1,0,0,0
6.95,2017,1,2,0,1,0,0,0,0,0
7.333333333333333,2017,1,3,0,0,0,0,0,1,0
6.116666666666666,2017,1,4,0,0,0,0,0,0,1
6.65,2017,1,5,0,0,0,0,1,0,0
7.8,2017,1,6,1,0,0,0,0,0,0
7.816666666666666,2017,1,7,0,0,1,0,0,0,0
7.183333333333334,2017,1,8,0,0,0,1,0,0,0
6.133333333333334,2017,1,9,0,1,0,0,0,0,0
7.983333333333333,2017,1,10,0,0,0,0,0,1,0
7.383333333333334,2017,1,11,0,0,0,0,0,0,1
6.85,2017,1,12,0,0,0,0,1,0,0
6.283333333333333,2017,1,13,1,0,0,0,0,0,0
7.683333333333334,2017,1,14,0,0,1,0,0,0,0
6.283333333333333,2017,1,15,0,0,0,1,0,0,0
7.35,2017,1,16,0,1,0,0,0,0,0
4.633333333333334,2017,1,17,0,0,0,0,0,1,0
6.616666666666666,2017,1,18,0,0,0,0,0,0,1
7.016666666666667,2017,1,19,0,0,0,0,1,0,0
7.416666666666667,2017,1,21,0,0,1,0,0,0,0
7.583333333333333,2017,1,22,0,0,0,1,0,0,0
6.3,2017,1,23,0,1,0,0,0,0,0
6.466666666666667,2017,1,24,0,0,0,0,0,1,0
6.216666666666667,2017,1,25,0,0,0,0,0,0,1
7.2,2017,1,26,0,0,0,0,1,0,0
7.566666666666666,2017,1,27,1,0,0,0,0,0,0
5.9,2017,1,28,0,0,1,0,0,0,0
6.616666666666666,2017,1,29,0,0,0,1,0,0,0
6.65,2017,1,30,0,1,0,0,0,0,0
7.433333333333334,2017,2,5,0,0,0,1,0,0,0
7.25,2017,2,6,0,1,0,0,0,0,0
6.35,2017,2,7,0,0,0,0,0,1,0
5.4,2017,2,8,0,0,0,0,0,0,1
6.366666666666666,2017,2,9,0,0,0,0,1,0,0
7.383333333333334,2017,2,10,1,0,0,0,0,0,0
7.35,2017,2,11,0,0,1,0,0,0,0
7.1,2017,2,12,0,0,0,1,0,0,0
6.583333333333333,2017,2,13,0,1,0,0,0,0,0
7.283333333333333,2017,2,14,0,0,0,0,0,1,0
7.183333333333334,2017,2,15,0,0,0,0,0,0,1
6.316666666666666,2017,2,16,0,0,0,0,1,0,0
7.2,2017,2,17,1,0,0,0,0,0,0
7.3,2017,2,18,0,0,1,0,0,0,0
6.583333333333333,2017,2,19,0,0,0,1,0,0,0
7.0,2017,2,20,0,1,0,0,0,0,0
5.583333333333333,2017,2,21,0,0,0,0,0,1,0
6.95,2017,2,22,0,0,0,0,0,0,1
7.85,2017,2,23,0,0,0,0,1,0,0
6.616666666666666,2017,2,24,1,0,0,0,0,0,0
7.633333333333334,2017,2,25,0,0,1,0,0,0,0
6.566666666666666,2017,2,26,0,0,0,1,0,0,0
6.7,2017,2,27,0,1,0,0,0,0,0
6.983333333333333,2017,2,28,0,0,0,0,0,1,0
6.683333333333334,2017,3,1,0,0,0,0,0,0,1
6.316666666666666,2017,3,2,0,0,0,0,1,0,0
7.7,2017,3,3,1,0,0,0,0,0,0
6.133333333333334,2017,3,4,0,0,1,0,0,0,0
6.666666666666667,2017,3,5,0,0,0,1,0,0,0
6.65,2017,3,6,0,1,0,0,0,0,0
5.616666666666666,2017,3,7,0,0,0,0,0,1,0
5.833333333333333,2017,3,8,0,0,0,0,0,0,1
5.783333333333333,2017,3,9,0,0,0,0,1,0,0
6.433333333333334,2017,3,10,1,0,0,0,0,0,0
7.65,2017,3,11,0,0,1,0,0,0,0
7.883333333333334,2017,3,12,0,0,0,1,0,0,0
7.166666666666667,2017,3,13,0,1,0,0,0,0,0
6.733333333333333,2017,3,14,0,0,0,0,0,1,0
6.816666666666666,2017,3,15,0,0,0,0,0,0,1
6.733333333333333,2017,3,16,0,0,0,0,1,0,0
7.5,2017,3,17,1,0,0,0,0,0,0
8.016666666666667,2017,3,18,0,0,1,0,0,0,0
7.766666666666667,2017,3,19,0,0,0,1,0,0,0
6.316666666666666,2017,3,20,0,1,0,0,0,0,0
5.683333333333334,2017,3,21,0,0,0,0,0,1,0
5.6,2017,3,22,0,0,0,0,0,0,1
8.416666666666666,2017,3,23,0,0,0,0,1,0,0
7.016666666666667,2017,3,27,0,1,0,0,0,0,0
6.3,2017,3,28,0,0,0,0,0,1,0
6.366666666666666,2017,3,29,0,0,0,0,0,0,1
8.066666666666666,2017,3,30,0,0,0,0,1,0,0
6.85,2017,3,31,1,0,0,0,0,0,0
8.416666666666666,2017,4,1,0,0,1,0,0,0,0
5.6,2017,4,2,0,0,0,1,0,0,0
7.033333333333333,2017,4,3,0,1,0,0,0,0,0
7.216666666666667,2017,4,4,0,0,0,0,0,1,0
5.633333333333334,2017,4,5,0,0,0,0,0,0,1
7.166666666666667,2017,4,6,0,0,0,0,1,0,0
7.15,2017,4,7,1,0,0,0,0,0,0
7.25,2017,4,8,0,0,1,0,0,0,0
6.733333333333333,2017,4,9,0,0,0,1,0,0,0
5.033333333333333,2017,4,10,0,1,0,0,0,0,0
6.033333333333333,2017,4,11,0,0,0,0,0,1,0
5.633333333333334,2017,4,12,0,0,0,0,0,0,1
7.766666666666667,2017,4,13,0,0,0,0,1,0,0
6.7,2017,4,14,1,0,0,0,0,0,0
6.116666666666666,2017,4,15,0,0,1,0,0,0,0
7.466666666666667,2017,4,16,0,0,0,1,0,0,0
4.366666666666666,2017,4,17,0,1,0,0,0,0,0
7.833333333333333,2017,4,18,0,0,0,0,0,1,0
7.083333333333333,2017,4,19,0,0,0,0,0,0,1
5.416666666666667,2017,4,20,0,0,0,0,1,0,0
5.8,2017,4,21,1,0,0,0,0,0,0
6.866666666666666,2017,4,22,0,0,1,0,0,0,0
6.5,2017,4,23,0,0,0,1,0,0,0
6.833333333333333,2017,4,24,0,1,0,0,0,0,0
6.35,2017,4,25,0,0,0,0,0,1,0
7.033333333333333,2017,4,26,0,0,0,0,0,0,1
6.783333333333333,2017,4,27,0,0,0,0,1,0,0
6.6,2017,4,28,1,0,0,0,0,0,0
6.216666666666667,2017,4,29,0,0,1,0,0,0,0
6.45,2017,4,30,0,0,0,1,0,0,0
6.216666666666667,2017,5,1,0,1,0,0,0,0,0
5.933333333333334,2017,5,2,0,0,0,0,0,1,0
6.65,2017,5,3,0,0,0,0,0,0,1
7.533333333333333,2017,5,4,0,0,0,0,1,0,0
7.216666666666667,2017,5,5,1,0,0,0,0,0,0
5.55,2017,5,6,0,0,1,0,0,0,0
6.433333333333334,2017,5,7,0,0,0,1,0,0,0
6.5,2017,5,8,0,1,0,0,0,0,0
6.316666666666666,2017,5,9,0,0,0,0,0,1,0
7.383333333333334,2017,5,10,0,0,0,0,0,0,1
5.533333333333333,2017,5,11,0,0,0,0,1,0,0
6.716666666666667,2017,5,12,1,0,0,0,0,0,0
4.833333333333333,2017,5,13,0,0,1,0,0,0,0
6.433333333333334,2017,5,14,0,0,0,1,0,0,0
6.5,2017,5,15,0,1,0,0,0,0,0
6.283333333333333,2017,5,16,0,0,0,0,0,1,0
6.783333333333333,2017,5,17,0,0,0,0,0,0,1
6.283333333333333,2017,5,18,0,0,0,0,1,0,0
5.85,2017,5,19,1,0,0,0,0,0,0
6.233333333333333,2017,5,20,0,0,1,0,0,0,0
7.0,2017,5,21,0,0,0,1,0,0,0
5.833333333333333,2017,5,22,0,1,0,0,0,0,0
5.916666666666667,2017,5,23,0,0,0,0,0,1,0
7.3,2017,5,24,0,0,0,0,0,0,1
5.016666666666667,2017,5,25,0,0,0,0,1,0,0
5.566666666666666,2017,5,26,1,0,0,0,0,0,0
7.483333333333333,2017,5,27,0,0,1,0,0,0,0
7.483333333333333,2017,5,28,0,0,0,1,0,0,0
6.016666666666667,2017,5,29,0,1,0,0,0,0,0
6.133333333333334,2017,5,30,0,0,0,0,0,1,0
5.95,2017,5,31,0,0,0,0,0,0,1
7.3,2017,6,1,0,0,0,0,1,0,0
7.35,2017,6,2,1,0,0,0,0,0,0
5.466666666666667,2017,6,3,0,0,1,0,0,0,0
6.05,2017,6,4,0,0,0,1,0,0,0
5.283333333333333,2017,6,5,0,1,0,0,0,0,0
5.9,2017,6,6,0,0,0,0,0,1,0
6.1,2017,6,7,0,0,0,0,0,0,1
5.95,2017,6,9,1,0,0,0,0,0,0
5.3,2017,6,10,0,0,1,0,0,0,0
5.85,2017,6,11,0,0,0,1,0,0,0
5.4,2017,6,12,0,1,0,0,0,0,0
6.666666666666667,2017,6,13,0,0,0,0,0,1,0
5.766666666666667,2017,6,14,0,0,0,0,0,0,1
2.95,2017,6,15,0,0,0,0,1,0,0
5.55,2017,6,16,1,0,0,0,0,0,0
7.083333333333333,2017,6,17,0,0,1,0,0,0,0
6.783333333333333,2017,6,18,0,0,0,1,0,0,0
8.083333333333334,2017,6,19,0,1,0,0,0,0,0
7.683333333333334,2017,6,20,0,0,0,0,0,1,0
7.45,2017,6,21,0,0,0,0,0,0,1
6.65,2017,6,22,0,0,0,0,1,0,0
4.883333333333334,2017,6,23,1,0,0,0,0,0,0
8.033333333333333,2017,6,24,0,0,1,0,0,0,0
6.483333333333333,2017,6,25,0,0,0,1,0,0,0
5.066666666666666,2017,6,26,0,1,0,0,0,0,0
6.366666666666666,2017,6,27,0,0,0,0,0,1,0
6.416666666666667,2017,6,28,0,0,0,0,0,0,1
6.45,2017,6,29,0,0,0,0,1,0,0
5.633333333333334,2017,6,30,1,0,0,0,0,0,0
7.466666666666667,2017,7,1,0,0,1,0,0,0,0
5.233333333333333,2017,7,2,0,0,0,1,0,0,0
7.783333333333333,2017,7,3,0,1,0,0,0,0,0
6.566666666666666,2017,7,4,0,0,0,0,0,1,0
6.033333333333333,2017,7,5,0,0,0,0,0,0,1
6.516666666666667,2017,7,6,0,0,0,0,1,0,0
7.0,2017,7,7,1,0,0,0,0,0,0
6.316666666666666,2017,7,8,0,0,1,0,0,0,0
6.766666666666667,2017,7,9,0,0,0,1,0,0,0
6.916666666666667,2017,7,10,0,1,0,0,0,0,0
6.8,2017,7,11,0,0,0,0,0,1,0
5.883333333333334,2017,7,12,0,0,0,0,0,0,1
6.166666666666667,2017,7,13,0,0,0,0,1,0,0
6.416666666666667,2017,7,14,1,0,0,0,0,0,0
6.55,2017,7,15,0,0,1,0,0,0,0
6.133333333333334,2017,7,16,0,0,0,1,0,0,0
5.483333333333333,2017,7,17,0,1,0,0,0,0,0
6.25,2017,7,18,0,0,0,0,0,1,0
6.0,2017,7,19,0,0,0,0,0,0,1
6.95,2017,7,20,0,0,0,0,1,0,0
5.616666666666666,2017,7,21,1,0,0,0,0,0,0
6.616666666666666,2017,7,22,0,0,1,0,0,0,0
6.383333333333334,2017,7,23,0,0,0,1,0,0,0
5.333333333333333,2017,7,24,0,1,0,0,0,0,0
5.616666666666666,2017,7,25,0,0,0,0,0,1,0
5.666666666666667,2017,7,26,0,0,0,0,0,0,1
6.233333333333333,2017,7,27,0,0,0,0,1,0,0
6.883333333333334,2017,7,28,1,0,0,0,0,0,0
6.2,2017,7,29,0,0,1,0,0,0,0
6.683333333333334,2017,7,30,0,0,0,1,0,0,0
6.416666666666667,2017,7,31,0,1,0,0,0,0,0
5.95,2017,8,1,0,0,0,0,0,1,0
5.766666666666667,2017,8,2,0,0,0,0,0,0,1
7.966666666666667,2017,8,3,0,0,0,0,1,0,0
5.016666666666667,2017,8,4,1,0,0,0,0,0,0
8.416666666666666,2017,8,5,0,0,1,0,0,0,0
6.133333333333334,2017,8,6,0,0,0,1,0,0,0
5.95,2017,8,7,0,1,0,0,0,0,0
6.633333333333334,2017,8,8,0,0,0,0,0,1,0
7.566666666666666,2017,8,9,0,0,0,0,0,0,1
6.083333333333333,2017,8,10,0,0,0,0,1,0,0
6.233333333333333,2017,8,11,1,0,0,0,0,0,0
5.133333333333334,2017,8,12,0,0,1,0,0,0,0
6.9,2017,8,13,0,0,0,1,0,0,0
7.4,2017,8,14,0,1,0,0,0,0,0
6.883333333333334,2017,8,15,0,0,0,0,0,1,0
5.716666666666667,2017,8,16,0,0,0,0,0,0,1
6.883333333333334,2017,8,17,0,0,0,0,1,0,0
7.366666666666666,2017,8,18,1,0,0,0,0,0,0
6.933333333333334,2017,8,19,0,0,1,0,0,0,0
6.583333333333333,2017,8,20,0,0,0,1,0,0,0
6.666666666666667,2017,8,21,0,1,0,0,0,0,0
7.35,2017,8,22,0,0,0,0,0,1,0
6.733333333333333,2017,8,23,0,0,0,0,0,0,1
6.616666666666666,2017,8,24,0,0,0,0,1,0,0
7.166666666666667,2017,8,25,1,0,0,0,0,0,0
5.633333333333334,2017,8,26,0,0,1,0,0,0,0
6.55,2017,8,27,0,0,0,1,0,0,0
5.033333333333333,2017,8,28,0,1,0,0,0,0,0
6.316666666666666,2017,8,29,0,0,0,0,0,1,0
6.533333333333333,2017,8,30,0,0,0,0,0,0,1
2.066666666666667,2017,8,31,0,0,0,0,1,0,0
6.0,2017,9,1,1,0,0,0,0,0,0
6.383333333333334,2017,9,2,0,0,1,0,0,0,0
5.683333333333334,2017,9,3,0,0,0,1,0,0,0
6.533333333333333,2017,9,4,0,1,0,0,0,0,0
6.216666666666667,2017,9,5,0,0,0,0,0,1,0
6.35,2017,9,6,0,0,0,0,0,0,1
7.016666666666667,2017,9,7,0,0,0,0,1,0,0
7.416666666666667,2017,9,8,1,0,0,0,0,0,0
8.216666666666667,2017,9,9,0,0,1,0,0,0,0
7.366666666666666,2017,9,10,0,0,0,1,0,0,0
7.05,2017,9,11,0,1,0,0,0,0,0
7.766666666666667,2017,9,12,0,0,0,0,0,1,0
7.366666666666666,2017,9,13,0,0,0,0,0,0,1
5.283333333333333,2017,9,15,1,0,0,0,0,0,0
6.266666666666667,2017,9,16,0,0,1,0,0,0,0
5.916666666666667,2017,9,17,0,0,0,1,0,0,0
6.416666666666667,2017,9,18,0,1,0,0,0,0,0
5.716666666666667,2017,9,19,0,0,0,0,0,1,0
6.066666666666666,2017,9,20,0,0,0,0,0,0,1
7.133333333333334,2017,9,21,0,0,0,0,1,0,0
4.3,2017,9,22,1,0,0,0,0,0,0
7.033333333333333,2017,9,23,0,0,1,0,0,0,0
6.683333333333334,2017,9,24,0,0,0,1,0,0,0
6.55,2017,9,25,0,1,0,0,0,0,0
5.133333333333334,2017,9,26,0,0,0,0,0,1,0
10.2,2017,9,27,0,0,0,0,0,0,1
11.8,2017,9,28,0,0,0,0,1,0,0
14.866666666666667,2017,9,29,1,0,0,0,0,0,0
11.5,2017,9,30,0,0,1,0,0,0,0
13.2,2017,10,1,0,0,0,1,0,0,0
14.566666666666666,2017,10,2,0,1,0,0,0,0,0
13.066666666666666,2017,10,3,0,0,0,0,0,1,0
11.833333333333334,2017,10,4,0,0,0,0,0,0,1
12.766666666666667,2017,10,5,0,0,0,0,1,0,0
12.8,2017,10,6,1,0,0,0,0,0,0
12.533333333333331,2017,10,7,0,0,1,0,0,0,0
11.6,2017,10,8,0,0,0,1,0,0,0
16.266666666666666,2017,10,9,0,1,0,0,0,0,0
11.9,2017,10,10,0,0,0,0,0,1,0
10.866666666666667,2017,10,11,0,0,0,0,0,0,1
11.966666666666669,2017,10,12,0,0,0,0,1,0,0
10.033333333333331,2017,10,13,1,0,0,0,0,0,0
11.9,2017,10,14,0,0,1,0,0,0,0
17.2,2017,10,15,0,0,0,1,0,0,0
11.366666666666667,2017,10,16,0,1,0,0,0,0,0
12.8,2017,10,17,0,0,0,0,0,1,0
9.8,2017,10,18,0,0,0,0,0,0,1
13.8,2017,10,19,0,0,0,0,1,0,0
14.5,2017,10,20,1,0,0,0,0,0,0
8.4,2017,10,21,0,0,1,0,0,0,0
9.3,2017,10,22,0,0,0,1,0,0,0
13.433333333333334,2017,10,23,0,1,0,0,0,0,0
11.166666666666666,2017,10,25,0,0,0,0,0,0,1
12.633333333333333,2017,10,26,0,0,0,0,1,0,0
14.166666666666666,2017,10,27,1,0,0,0,0,0,0
13.433333333333334,2017,10,28,0,0,1,0,0,0,0
13.666666666666666,2017,10,29,0,0,0,1,0,0,0
12.0,2017,10,30,0,1,0,0,0,0,0
12.266666666666667,2017,10,31,0,0,0,0,0,1,0
13.4,2017,11,1,0,0,0,0,0,0,1
14.233333333333333,2017,11,2,0,0,0,0,1,0,0
13.2,2017,11,3,1,0,0,0,0,0,0
12.233333333333333,2017,11,4,0,0,1,0,0,0,0
13.133333333333333,2017,11,5,0,0,0,1,0,0,0
14.166666666666666,2017,11,6,0,1,0,0,0,0,0
11.666666666666666,2017,11,7,0,0,0,0,0,1,0
13.733333333333333,2017,11,8,0,0,0,0,0,0,1
12.633333333333333,2017,11,9,0,0,0,0,1,0,0
13.5,2017,11,10,1,0,0,0,0,0,0
11.433333333333334,2017,11,11,0,0,1,0,0,0,0
12.466666666666669,2017,11,12,0,0,0,1,0,0,0
12.233333333333333,2017,11,13,0,1,0,0,0,0,0
13.3,2017,11,14,0,0,0,0,0,1,0
12.533333333333331,2017,11,15,0,0,0,0,0,0,1
12.9,2017,11,16,0,0,0,0,1,0,0
12.3,2017,11,17,1,0,0,0,0,0,0
13.5,2017,11,18,0,0,1,0,0,0,0
11.7,2017,11,19,0,0,0,1,0,0,0
11.9,2017,11,20,0,1,0,0,0,0,0
13.566666666666666,2017,11,21,0,0,0,0,0,1,0
13.3,2017,11,22,0,0,0,0,0,0,1
13.466666666666669,2017,11,23,0,0,0,0,1,0,0
12.833333333333334,2017,11,24,1,0,0,0,0,0,0
13.566666666666666,2017,11,25,0,0,1,0,0,0,0
10.9,2017,11,26,0,0,0,1,0,0,0
13.633333333333333,2017,11,27,0,1,0,0,0,0,0
10.066666666666666,2017,11,28,0,0,0,0,0,1,0
16.5,2017,11,29,0,0,0,0,0,0,1
13.7,2017,11,30,0,0,0,0,1,0,0
12.2,2017,12,1,1,0,0,0,0,0,0
13.133333333333333,2017,12,2,0,0,1,0,0,0,0
14.266666666666667,2017,12,3,0,0,0,1,0,0,0
13.0,2017,12,4,0,1,0,0,0,0,0
15.533333333333331,2017,12,5,0,0,0,0,0,1,0
13.133333333333333,2017,12,6,0,0,0,0,0,0,1
10.2,2017,12,7,0,0,0,0,1,0,0
12.366666666666667,2017,12,8,1,0,0,0,0,0,0
10.666666666666666,2017,12,9,0,0,1,0,0,0,0
13.3,2017,12,10,0,0,0,1,0,0,0
15.933333333333334,2017,12,11,0,1,0,0,0,0,0
11.233333333333333,2017,12,12,0,0,0,0,0,1,0
14.1,2017,12,13,0,0,0,0,0,0,1
10.666666666666666,2017,12,14,0,0,0,0,1,0,0
13.766666666666667,2017,12,15,1,0,0,0,0,0,0
14.0,2017,12,16,0,0,1,0,0,0,0
13.466666666666669,2017,12,17,0,0,0,1,0,0,0
12.0,2017,12,18,0,1,0,0,0,0,0
13.633333333333333,2017,12,19,0,0,0,0,0,1,0
13.2,2017,12,20,0,0,0,0,0,0,1
13.033333333333331,2017,12,21,0,0,0,0,1,0,0
11.233333333333333,2017,12,22,1,0,0,0,0,0,0
14.833333333333334,2017,12,23,0,0,1,0,0,0,0
9.4,2017,12,24,0,0,0,1,0,0,0
14.866666666666667,2017,12,25,0,1,0,0,0,0,0
11.666666666666666,2017,12,26,0,0,0,0,0,1,0
15.1,2017,12,27,0,0,0,0,0,0,1
10.233333333333333,2017,12,28,0,0,0,0,1,0,0
11.5,2017,12,29,1,0,0,0,0,0,0
16.966666666666665,2017,12,30,0,0,1,0,0,0,0
12.666666666666666,2017,12,31,0,0,0,1,0,0,0
14.6,2018,1,1,0,1,0,0,0,0,0
15.033333333333331,2018,1,2,0,0,0,0,0,1,0
12.0,2018,1,3,0,0,0,0,0,0,1
16.5,2018,1,4,0,0,0,0,1,0,0
14.8,2018,1,5,1,0,0,0,0,0,0
13.266666666666667,2018,1,6,0,0,1,0,0,0,0
13.166666666666666,2018,1,7,0,0,0,1,0,0,0
14.533333333333331,2018,1,8,0,1,0,0,0,0,0
13.4,2018,1,9,0,0,0,0,0,1,0
13.066666666666666,2018,1,10,0,0,0,0,0,0,1
15.166666666666666,2018,1,11,0,0,0,0,1,0,0
10.133333333333333,2018,1,12,1,0,0,0,0,0,0
16.1,2018,1,13,0,0,1,0,0,0,0
10.833333333333334,2018,1,14,0,0,0,1,0,0,0
13.4,2018,1,15,0,1,0,0,0,0,0
13.5,2018,1,16,0,0,0,0,0,1,0
14.5,2018,1,17,0,0,0,0,0,0,1
10.7,2018,1,18,0,0,0,0,1,0,0
13.833333333333334,2018,1,19,1,0,0,0,0,0,0
13.266666666666667,2018,1,20,0,0,1,0,0,0,0
12.333333333333334,2018,1,21,0,0,0,1,0,0,0
14.4,2018,1,22,0,1,0,0,0,0,0
12.8,2018,1,23,0,0,0,0,0,1,0
9.333333333333334,2018,1,24,0,0,0,0,0,0,1
13.433333333333334,2018,1,25,0,0,0,0,1,0,0
13.533333333333331,2018,1,26,1,0,0,0,0,0,0
11.1,2018,1,27,0,0,1,0,0,0,0
12.666666666666666,2018,1,28,0,0,0,1,0,0,0
12.533333333333331,2018,1,29,0,1,0,0,0,0,0
12.766666666666667,2018,1,30,0,0,0,0,0,1,0
11.8,2018,1,31,0,0,0,0,0,0,1
14.966666666666669,2018,2,1,0,0,0,0,1,0,0
14.0,2018,2,2,1,0,0,0,0,0,0
11.8,2018,2,3,0,0,1,0,0,0,0
15.833333333333334,2018,2,4,0,0,0,1,0,0,0
12.633333333333333,2018,2,5,0,1,0,0,0,0,0
13.0,2018,2,6,0,0,0,0,0,1,0
14.666666666666666,2018,2,7,0,0,0,0,0,0,1
14.866666666666667,2018,2,8,0,0,0,0,1,0,0
15.166666666666666,2018,2,9,1,0,0,0,0,0,0
12.966666666666669,2018,2,10,0,0,1,0,0,0,0
13.7,2018,2,11,0,0,0,1,0,0,0
13.366666666666667,2018,2,12,0,1,0,0,0,0,0
12.466666666666669,2018,2,13,0,0,0,0,0,1,0
13.466666666666669,2018,2,14,0,0,0,0,0,0,1
11.533333333333331,2018,2,15,0,0,0,0,1,0,0
15.2,2018,2,16,1,0,0,0,0,0,0
12.933333333333334,2018,2,17,0,0,1,0,0,0,0
15.366666666666667,2018,2,18,0,0,0,1,0,0,0
11.466666666666669,2018,2,19,0,1,0,0,0,0,0
10.8,2018,2,20,0,0,0,0,0,1,0
13.5,2018,2,21,0,0,0,0,0,0,1
13.966666666666669,2018,2,22,0,0,0,0,1,0,0
12.766666666666667,2018,2,23,1,0,0,0,0,0,0
11.466666666666669,2018,2,24,0,0,1,0,0,0,0
7.133333333333334,2018,2,25,0,0,0,1,0,0,0
14.833333333333334,2018,2,26,0,1,0,0,0,0,0
13.2,2018,2,27,0,0,0,0,0,1,0
12.4,2018,2,28,0,0,0,0,0,0,1
13.1,2018,3,1,0,0,0,0,1,0,0
12.233333333333333,2018,3,2,1,0,0,0,0,0,0
11.9,2018,3,3,0,0,1,0,0,0,0
12.833333333333334,2018,3,4,0,0,0,1,0,0,0
12.933333333333334,2018,3,5,0,1,0,0,0,0,0
13.1,2018,3,6,0,0,0,0,0,1,0
11.466666666666669,2018,3,7,0,0,0,0,0,0,1
15.066666666666666,2018,3,8,0,0,0,0,1,0,0
12.733333333333333,2018,3,9,1,0,0,0,0,0,0
13.066666666666666,2018,3,10,0,0,1,0,0,0,0
11.933333333333334,2018,3,11,0,0,0,1,0,0,0
10.966666666666669,2018,3,12,0,1,0,0,0,0,0
14.433333333333334,2018,3,13,0,0,0,0,0,1,0
12.433333333333334,2018,3,14,0,0,0,0,0,0,1
14.966666666666669,2018,3,15,0,0,0,0,1,0,0
14.366666666666667,2018,3,16,1,0,0,0,0,0,0
12.933333333333334,2018,3,17,0,0,1,0,0,0,0
12.6,2018,3,18,0,0,0,1,0,0,0
14.733333333333333,2018,3,19,0,1,0,0,0,0,0
14.166666666666666,2018,3,20,0,0,0,0,0,1,0
15.266666666666667,2018,3,21,0,0,0,0,0,0,1
13.133333333333333,2018,3,22,0,0,0,0,1,0,0
16.033333333333335,2018,3,23,1,0,0,0,0,0,0
12.766666666666667,2018,3,24,0,0,1,0,0,0,0
12.9,2018,3,25,0,0,0,1,0,0,0
10.933333333333334,2018,3,26,0,1,0,0,0,0,0
13.2,2018,3,27,0,0,0,0,0,1,0
13.366666666666667,2018,3,28,0,0,0,0,0,0,1
13.0,2018,3,29,0,0,0,0,1,0,0
13.633333333333333,2018,3,30,1,0,0,0,0,0,0
13.966666666666669,2018,3,31,0,0,1,0,0,0,0
14.9,2018,4,1,0,0,0,1,0,0,0
14.333333333333334,2018,4,2,0,1,0,0,0,0,0
13.633333333333333,2018,4,3,0,0,0,0,0,1,0
12.533333333333331,2018,4,4,0,0,0,0,0,0,1
12.466666666666669,2018,4,5,0,0,0,0,1,0,0
12.733333333333333,2018,4,6,1,0,0,0,0,0,0
11.633333333333333,2018,4,7,0,0,1,0,0,0,0
12.133333333333333,2018,4,8,0,0,0,1,0,0,0
7.066666666666666,2018,4,9,0,1,0,0,0,0,0
14.6,2018,4,10,0,0,0,0,0,1,0
14.2,2018,4,11,0,0,0,0,0,0,1
11.333333333333334,2018,4,12,0,0,0,0,1,0,0
10.466666666666669,2018,4,13,1,0,0,0,0,0,0
15.766666666666667,2018,4,14,0,0,1,0,0,0,0
13.0,2018,4,15,0,0,0,1,0,0,0
11.7,2018,4,16,0,1,0,0,0,0,0
14.566666666666666,2018,4,17,0,0,0,0,0,1,0
12.633333333333333,2018,4,18,0,0,0,0,0,0,1
10.6,2018,4,19,0,0,0,0,1,0,0
11.9,2018,4,20,1,0,0,0,0,0,0
14.666666666666666,2018,4,21,0,0,1,0,0,0,0
15.5,2018,4,22,0,0,0,1,0,0,0
10.0,2018,4,23,0,1,0,0,0,0,0
13.8,2018,4,24,0,0,0,0,0,1,0
11.9,2018,4,25,0,0,0,0,0,0,1
15.0,2018,4,26,0,0,0,0,1,0,0
14.4,2018,4,27,1,0,0,0,0,0,0
12.0,2018,4,28,0,0,1,0,0,0,0
15.433333333333334,2018,4,29,0,0,0,1,0,0,0
13.066666666666666,2018,4,30,0,1,0,0,0,0,0
13.866666666666667,2018,5,1,0,0,0,0,0,1,0
12.133333333333333,2018,5,2,0,0,0,0,0,0,1
13.533333333333331,2018,5,3,0,0,0,0,1,0,0
12.0,2018,5,4,1,0,0,0,0,0,0
12.233333333333333,2018,5,5,0,0,1,0,0,0,0
12.5,2018,5,6,0,0,0,1,0,0,0
12.7,2018,5,7,0,1,0,0,0,0,0
12.8,2018,5,8,0,0,0,0,0,1,0
10.533333333333331,2018,5,9,0,0,0,0,0,0,1
14.466666666666669,2018,5,10,0,0,0,0,1,0,0
12.7,2018,5,11,1,0,0,0,0,0,0
16.966666666666665,2018,5,12,0,0,1,0,0,0,0
13.233333333333333,2018,5,13,0,0,0,1,0,0,0
10.1,2018,5,14,0,1,0,0,0,0,0
15.233333333333333,2018,5,15,0,0,0,0,0,1,0
11.333333333333334,2018,5,16,0,0,0,0,0,0,1
11.466666666666669,2018,5,17,0,0,0,0,1,0,0
11.866666666666667,2018,5,18,1,0,0,0,0,0,0
13.866666666666667,2018,5,19,0,0,1,0,0,0,0
8.733333333333333,2018,5,20,0,0,0,1,0,0,0
17.433333333333334,2018,5,21,0,1,0,0,0,0,0
11.9,2018,5,22,0,0,0,0,0,1,0
15.133333333333333,2018,5,23,0,0,0,0,0,0,1
12.466666666666669,2018,5,24,0,0,0,0,1,0,0
15.033333333333331,2018,5,26,0,0,1,0,0,0,0
11.4,2018,5,27,0,0,0,1,0,0,0
11.9,2018,5,28,0,1,0,0,0,0,0
13.9,2018,5,29,0,0,0,0,0,1,0
8.4,2018,5,30,0,0,0,0,0,0,1
13.133333333333333,2018,5,31,0,0,0,0,1,0,0
11.733333333333333,2018,6,1,1,0,0,0,0,0,0
13.366666666666667,2018,6,2,0,0,1,0,0,0,0
13.066666666666666,2018,6,3,0,0,0,1,0,0,0
11.533333333333331,2018,6,4,0,1,0,0,0,0,0
13.566666666666666,2018,6,5,0,0,0,0,0,1,0
12.8,2018,6,6,0,0,0,0,0,0,1
15.5,2018,6,7,0,0,0,0,1,0,0
11.966666666666669,2018,6,8,1,0,0,0,0,0,0
10.033333333333331,2018,6,9,0,0,1,0,0,0,0
15.066666666666666,2018,6,10,0,0,0,1,0,0,0
11.633333333333333,2018,6,11,0,1,0,0,0,0,0
13.5,2018,6,12,0,0,0,0,0,1,0
6.316666666666666,2018,6,16,0,0,1,0,0,0,0
6.466666666666667,2018,6,17,0,0,0,1,0,0,0
6.75,2018,6,18,0,1,0,0,0,0,0
6.283333333333333,2018,6,19,0,0,0,0,0,1,0
6.633333333333334,2018,6,20,0,0,0,0,0,0,1
6.6,2018,6,21,0,0,0,0,1,0,0
5.5,2018,6,22,1,0,0,0,0,0,0
5.766666666666667,2018,6,23,0,0,1,0,0,0,0
6.733333333333333,2018,6,24,0,0,0,1,0,0,0
6.583333333333333,2018,6,25,0,1,0,0,0,0,0
5.9,2018,6,26,0,0,0,0,0,1,0
6.516666666666667,2018,6,27,0,0,0,0,0,0,1
5.666666666666667,2018,6,28,0,0,0,0,1,0,0
6.35,2018,6,29,1,0,0,0,0,0,0
8.85,2018,6,30,0,0,1,0,0,0,0
6.883333333333334,2018,7,1,0,0,0,1,0,0,0
5.85,2018,7,2,0,1,0,0,0,0,0
7.383333333333334,2018,7,3,0,0,0,0,0,1,0
6.033333333333333,2018,7,4,0,0,0,0,0,0,1
6.7,2018,7,5,0,0,0,0,1,0,0
5.533333333333333,2018,7,6,1,0,0,0,0,0,0
6.916666666666667,2018,7,7,0,0,1,0,0,0,0
7.866666666666666,2018,7,8,0,0,0,1,0,0,0
6.6,2018,7,9,0,1,0,0,0,0,0
6.2,2018,7,10,0,0,0,0,0,1,0
6.55,2018,7,11,0,0,0,0,0,0,1
6.216666666666667,2018,7,12,0,0,0,0,1,0,0
5.783333333333333,2018,7,13,1,0,0,0,0,0,0
8.216666666666667,2018,7,14,0,0,1,0,0,0,0
5.116666666666666,2018,7,15,0,0,0,1,0,0,0
6.3,2018,7,16,0,1,0,0,0,0,0
7.266666666666667,2018,7,17,0,0,0,0,0,1,0
7.983333333333333,2018,7,18,0,0,0,0,0,0,1
7.716666666666667,2018,7,19,0,0,0,0,1,0,0
6.083333333333333,2018,7,20,1,0,0,0,0,0,0
8.716666666666667,2018,7,21,0,0,1,0,0,0,0
7.516666666666667,2018,7,22,0,0,0,1,0,0,0
6.216666666666667,2018,7,23,0,1,0,0,0,0,0
6.9,2018,7,24,0,0,0,0,0,1,0
6.383333333333334,2018,7,25,0,0,0,0,0,0,1
7.083333333333333,2018,7,26,0,0,0,0,1,0,0
7.216666666666667,2018,7,27,1,0,0,0,0,0,0
7.316666666666666,2018,7,28,0,0,1,0,0,0,0
7.183333333333334,2018,7,29,0,0,0,1,0,0,0
6.783333333333333,2018,7,30,0,1,0,0,0,0,0
6.883333333333334,2018,7,31,0,0,0,0,0,1,0
6.15,2018,8,1,0,0,0,0,0,0,1
6.883333333333334,2018,8,2,0,0,0,0,1,0,0
7.083333333333333,2018,8,3,1,0,0,0,0,0,0
7.483333333333333,2018,8,4,0,0,1,0,0,0,0
6.933333333333334,2018,8,5,0,0,0,1,0,0,0
5.8,2018,8,6,0,1,0,0,0,0,0
6.016666666666667,2018,8,7,0,0,0,0,0,1,0
6.7,2018,8,8,0,0,0,0,0,0,1
6.7,2018,8,9,0,0,0,0,1,0,0
7.2,2018,8,10,1,0,0,0,0,0,0
6.75,2018,8,11,0,0,1,0,0,0,0
7.05,2018,8,12,0,0,0,1,0,0,0
6.166666666666667,2018,8,13,0,1,0,0,0,0,0
4.7,2018,8,14,0,0,0,0,0,1,0
5.933333333333334,2018,8,15,0,0,0,0,0,0,1
6.533333333333333,2018,8,16,0,0,0,0,1,0,0
6.516666666666667,2018,8,17,1,0,0,0,0,0,0
8.666666666666666,2018,8,18,0,0,1,0,0,0,0
6.0,2018,8,19,0,0,0,1,0,0,0
6.183333333333334,2018,8,20,0,1,0,0,0,0,0
5.783333333333333,2018,8,21,0,0,0,0,0,1,0
7.233333333333333,2018,8,22,0,0,0,0,0,0,1
6.466666666666667,2018,8,23,0,0,0,0,1,0,0
6.55,2018,8,24,1,0,0,0,0,0,0
7.783333333333333,2018,8,25,0,0,1,0,0,0,0
7.283333333333333,2018,8,26,0,0,0,1,0,0,0
6.25,2018,8,27,0,1,0,0,0,0,0
6.783333333333333,2018,8,28,0,0,0,0,0,1,0
6.683333333333334,2018,8,29,0,0,0,0,0,0,1
7.133333333333334,2018,8,30,0,0,0,0,1,0,0
6.65,2018,8,31,1,0,0,0,0,0,0
6.966666666666667,2018,9,1,0,0,1,0,0,0,0
8.216666666666667,2018,9,2,0,0,0,1,0,0,0
6.983333333333333,2018,9,3,0,1,0,0,0,0,0
7.7,2018,9,4,0,0,0,0,0,1,0
6.416666666666667,2018,9,5,0,0,0,0,0,0,1
5.866666666666666,2018,9,6,0,0,0,0,1,0,0
6.733333333333333,2018,9,7,1,0,0,0,0,0,0
6.05,2018,9,8,0,0,1,0,0,0,0
7.766666666666667,2018,9,9,0,0,0,1,0,0,0
6.683333333333334,2018,9,10,0,1,0,0,0,0,0
6.0,2018,9,11,0,0,0,0,0,1,0
6.383333333333334,2018,9,12,0,0,0,0,0,0,1
6.433333333333334,2018,9,13,0,0,0,0,1,0,0
6.466666666666667,2018,9,14,1,0,0,0,0,0,0
6.666666666666667,2018,9,15,0,0,1,0,0,0,0
6.233333333333333,2018,9,16,0,0,0,1,0,0,0
7.016666666666667,2018,9,17,0,1,0,0,0,0,0
6.616666666666666,2018,9,18,0,0,0,0,0,1,0
5.15,2018,9,19,0,0,0,0,0,0,1
6.05,2018,9,20,0,0,0,0,1,0,0
5.583333333333333,2018,9,21,1,0,0,0,0,0,0
7.583333333333333,2018,9,22,0,0,1,0,0,0,0
7.066666666666666,2018,9,23,0,0,0,1,0,0,0
7.033333333333333,2018,9,24,0,1,0,0,0,0,0
2.8666666666666667,2018,9,25,0,0,0,0,0,1,0
4.516666666666667,2018,9,26,0,0,0,0,0,0,1
7.083333333333333,2018,9,27,0,0,0,0,1,0,0
6.916666666666667,2018,9,28,1,0,0,0,0,0,0
8.683333333333334,2018,9,29,0,0,1,0,0,0,0
7.866666666666666,2018,9,30,0,0,0,1,0,0,0
6.716666666666667,2018,10,1,0,1,0,0,0,0,0
6.833333333333333,2018,10,2,0,0,0,0,0,1,0
6.25,2018,10,3,0,0,0,0,0,0,1
7.116666666666666,2018,10,4,0,0,0,0,1,0,0
7.733333333333333,2018,10,5,1,0,0,0,0,0,0
5.933333333333334,2018,10,6,0,0,1,0,0,0,0
7.483333333333333,2018,10,7,0,0,0,1,0,0,0
6.883333333333334,2018,10,8,0,1,0,0,0,0,0
5.75,2018,10,9,0,0,0,0,0,1,0
7.5,2018,10,10,0,0,0,0,0,0,1
5.783333333333333,2018,10,11,0,0,0,0,1,0,0
7.633333333333334,2018,10,12,1,0,0,0,0,0,0
7.0,2018,10,13,0,0,1,0,0,0,0
7.6,2018,10,14,0,0,0,1,0,0,0
6.983333333333333,2018,10,15,0,1,0,0,0,0,0
6.916666666666667,2018,10,16,0,0,0,0,0,1,0
7.883333333333334,2018,10,17,0,0,0,0,0,0,1
6.633333333333334,2018,10,18,0,0,0,0,1,0,0
6.533333333333333,2018,10,19,1,0,0,0,0,0,0
7.85,2018,10,20,0,0,1,0,0,0,0
7.533333333333333,2018,10,21,0,0,0,1,0,0,0
7.433333333333334,2018,10,22,0,1,0,0,0,0,0
7.583333333333333,2018,10,23,0,0,0,0,0,1,0
6.783333333333333,2018,10,24,0,0,0,0,0,0,1
5.816666666666666,2018,10,25,0,0,0,0,1,0,0
7.216666666666667,2018,10,26,1,0,0,0,0,0,0
6.266666666666667,2018,10,27,0,0,1,0,0,0,0
7.55,2018,10,28,0,0,0,1,0,0,0
6.25,2018,10,29,0,1,0,0,0,0,0
5.783333333333333,2018,10,30,0,0,0,0,0,1,0
6.533333333333333,2018,10,31,0,0,0,0,0,0,1
7.133333333333334,2018,11,1,0,0,0,0,1,0,0
6.816666666666666,2018,11,2,1,0,0,0,0,0,0
6.25,2018,11,3,0,0,1,0,0,0,0
8.05,2018,11,4,0,0,0,1,0,0,0
6.583333333333333,2018,11,5,0,1,0,0,0,0,0
6.633333333333334,2018,11,6,0,0,0,0,0,1,0
6.116666666666666,2018,11,7,0,0,0,0,0,0,1
7.616666666666666,2018,11,8,0,0,0,0,1,0,0
6.616666666666666,2018,11,9,1,0,0,0,0,0,0
6.833333333333333,2018,11,10,0,0,1,0,0,0,0
8.716666666666667,2018,11,11,0,0,0,1,0,0,0
6.85,2018,11,12,0,1,0,0,0,0,0
6.95,2018,11,13,0,0,0,0,0,1,0
5.566666666666666,2018,11,14,0,0,0,0,0,0,1
6.5,2018,11,15,0,0,0,0,1,0,0
6.416666666666667,2018,11,16,1,0,0,0,0,0,0
7.433333333333334,2018,11,17,0,0,1,0,0,0,0
6.733333333333333,2018,11,18,0,0,0,1,0,0,0
5.766666666666667,2018,11,19,0,1,0,0,0,0,0
5.683333333333334,2018,11,20,0,0,0,0,0,1,0
6.3,2018,11,21,0,0,0,0,0,0,1
7.833333333333333,2018,11,22,0,0,0,0,1,0,0
5.25,2018,11,23,1,0,0,0,0,0,0
7.933333333333334,2018,11,24,0,0,1,0,0,0,0
6.45,2018,11,25,0,0,0,1,0,0,0
4.733333333333333,2018,11,26,0,1,0,0,0,0,0
5.333333333333333,2018,11,27,0,0,0,0,0,1,0
7.483333333333333,2018,11,28,0,0,0,0,0,0,1
7.366666666666666,2018,11,29,0,0,0,0,1,0,0
7.383333333333334,2018,11,30,1,0,0,0,0,0,0
7.783333333333333,2018,12,1,0,0,1,0,0,0,0
8.116666666666667,2018,12,4,0,0,0,0,0,1,0
6.383333333333334,2018,12,5,0,0,0,0,0,0,1
6.366666666666666,2018,12,6,0,0,0,0,1,0,0
7.05,2018,12,7,1,0,0,0,0,0,0
7.266666666666667,2018,12,8,0,0,1,0,0,0,0
7.4,2018,12,9,0,0,0,1,0,0,0
5.15,2018,12,10,0,1,0,0,0,0,0
7.566666666666666,2018,12,11,0,0,0,0,0,1,0
7.083333333333333,2018,12,12,0,0,0,0,0,0,1
6.866666666666666,2018,12,13,0,0,0,0,1,0,0
6.55,2018,12,14,1,0,0,0,0,0,0
6.9,2018,12,15,0,0,1,0,0,0,0
6.633333333333334,2018,12,16,0,0,0,1,0,0,0
4.1,2018,12,17,0,1,0,0,0,0,0
5.4,2018,12,18,0,0,0,0,0,1,0
6.966666666666667,2018,12,19,0,0,0,0,0,0,1
6.816666666666666,2018,12,20,0,0,0,0,1,0,0
6.6,2018,12,21,1,0,0,0,0,0,0
5.716666666666667,2018,12,22,0,0,1,0,0,0,0
7.683333333333334,2018,12,23,0,0,0,1,0,0,0
7.633333333333334,2018,12,30,0,0,0,1,0,0,0
4.8,2019,1,1,0,0,0,0,0,1,0
7.6,2019,1,2,0,0,0,0,0,0,1
7.3,2019,1,3,0,0,0,0,1,0,0
7.0,2019,1,4,1,0,0,0,0,0,0
7.233333333333333,2019,1,5,0,0,1,0,0,0,0
6.533333333333333,2019,1,6,0,0,0,1,0,0,0
5.75,2019,1,7,0,1,0,0,0,0,0
5.95,2019,1,8,0,0,0,0,0,1,0
6.066666666666666,2019,1,9,0,0,0,0,0,0,1
5.733333333333333,2019,1,10,0,0,0,0,1,0,0
7.1,2019,1,11,1,0,0,0,0,0,0
8.333333333333334,2019,1,12,0,0,1,0,0,0,0
7.6,2019,1,13,0,0,0,1,0,0,0
7.05,2019,1,14,0,1,0,0,0,0,0
5.433333333333334,2019,1,15,0,0,0,0,0,1,0
6.866666666666666,2019,1,16,0,0,0,0,0,0,1
6.75,2019,1,17,0,0,0,0,1,0,0
7.083333333333333,2019,1,18,1,0,0,0,0,0,0
7.9,2019,1,19,0,0,1,0,0,0,0
6.383333333333334,2019,1,20,0,0,0,1,0,0,0
5.85,2019,1,21,0,1,0,0,0,0,0
5.35,2019,1,22,0,0,0,0,0,1,0
6.633333333333334,2019,1,23,0,0,0,0,0,0,1
6.466666666666667,2019,1,24,0,0,0,0,1,0,0
6.25,2019,1,25,1,0,0,0,0,0,0
5.216666666666667,2019,1,26,0,0,1,0,0,0,0
8.85,2019,1,27,0,0,0,1,0,0,0
6.866666666666666,2019,1,28,0,1,0,0,0,0,0
6.25,2019,1,29,0,0,0,0,0,1,0
6.5,2019,1,30,0,0,0,0,0,0,1
6.516666666666667,2019,1,31,0,0,0,0,1,0,0
5.3,2019,2,1,1,0,0,0,0,0,0
7.183333333333334,2019,2,2,0,0,1,0,0,0,0
6.2,2019,2,3,0,0,0,1,0,0,0
7.116666666666666,2019,2,4,0,1,0,0,0,0,0
6.5,2019,2,5,0,0,0,0,0,1,0
6.7,2019,2,6,0,0,0,0,0,0,1
6.733333333333333,2019,2,7,0,0,0,0,1,0,0
6.666666666666667,2019,2,8,1,0,0,0,0,0,0
7.416666666666667,2019,2,9,0,0,1,0,0,0,0
6.616666666666666,2019,2,10,0,0,0,1,0,0,0
6.1,2019,2,11,0,1,0,0,0,0,0
5.633333333333334,2019,2,12,0,0,0,0,0,1,0
6.6,2019,2,13,0,0,0,0,0,0,1
5.483333333333333,2019,2,14,0,0,0,0,1,0,0
4.883333333333334,2019,2,15,1,0,0,0,0,0,0
6.183333333333334,2019,2,16,0,0,1,0,0,0,0
7.566666666666666,2019,2,17,0,0,0,1,0,0,0
5.5,2019,2,18,0,1,0,0,0,0,0
6.366666666666666,2019,2,19,0,0,0,0,0,1,0
6.7,2019,2,20,0,0,0,0,0,0,1
4.066666666666666,2019,2,21,0,0,0,0,1,0,0
8.133333333333333,2019,2,22,1,0,0,0,0,0,0
7.583333333333333,2019,2,23,0,0,1,0,0,0,0
7.566666666666666,2019,2,24,0,0,0,1,0,0,0
6.0,2019,2,25,0,1,0,0,0,0,0
6.95,2019,2,26,0,0,0,0,0,1,0
4.933333333333334,2019,2,27,0,0,0,0,0,0,1
5.916666666666667,2019,2,28,0,0,0,0,1,0,0
6.65,2019,3,1,1,0,0,0,0,0,0
6.0,2019,3,2,0,0,1,0,0,0,0
5.833333333333333,2019,3,3,0,0,0,1,0,0,0
6.666666666666667,2019,3,4,0,1,0,0,0,0,0
6.983333333333333,2019,3,5,0,0,0,0,0,1,0
6.483333333333333,2019,3,6,0,0,0,0,0,0,1
6.516666666666667,2019,3,7,0,0,0,0,1,0,0
7.233333333333333,2019,3,8,1,0,0,0,0,0,0
5.416666666666667,2019,3,9,0,0,1,0,0,0,0
4.6,2019,3,10,0,0,0,1,0,0,0
8.05,2019,3,11,0,1,0,0,0,0,0
6.583333333333333,2019,3,12,0,0,0,0,0,1,0
6.766666666666667,2019,3,13,0,0,0,0,0,0,1
6.166666666666667,2019,3,14,0,0,0,0,1,0,0
7.583333333333333,2019,3,15,1,0,0,0,0,0,0
6.8,2019,3,16,0,0,1,0,0,0,0
7.583333333333333,2019,3,17,0,0,0,1,0,0,0
4.85,2019,3,18,0,1,0,0,0,0,0
5.416666666666667,2019,3,19,0,0,0,0,0,1,0
6.233333333333333,2019,3,20,0,0,0,0,0,0,1
5.966666666666667,2019,3,21,0,0,0,0,1,0,0
5.016666666666667,2019,3,22,1,0,0,0,0,0,0
6.666666666666667,2019,3,23,0,0,1,0,0,0,0
7.316666666666666,2019,3,24,0,0,0,1,0,0,0
6.333333333333333,2019,3,25,0,1,0,0,0,0,0
5.5,2019,3,26,0,0,0,0,0,1,0
6.383333333333334,2019,3,27,0,0,0,0,0,0,1
7.233333333333333,2019,3,28,0,0,0,0,1,0,0
7.65,2019,3,29,1,0,0,0,0,0,0
5.9,2019,3,30,0,0,1,0,0,0,0
7.55,2019,3,31,0,0,0,1,0,0,0
6.533333333333333,2019,4,1,0,1,0,0,0,0,0
6.8,2019,4,2,0,0,0,0,0,1,0
6.666666666666667,2019,4,3,0,0,0,0,0,0,1
6.9,2019,4,4,0,0,0,0,1,0,0
5.9,2019,4,5,1,0,0,0,0,0,0
6.383333333333334,2019,4,6,0,0,1,0,0,0,0
6.583333333333333,2019,4,7,0,0,0,1,0,0,0
3.4833333333333334,2019,4,8,0,1,0,0,0,0,0
6.166666666666667,2019,4,9,0,0,0,0,0,1,0
7.033333333333333,2019,4,10,0,0,0,0,0,0,1
7.133333333333334,2019,4,11,0,0,0,0,1,0,0
6.3,2019,4,12,1,0,0,0,0,0,0
8.5,2019,4,13,0,0,1,0,0,0,0
7.0,2019,4,14,0,0,0,1,0,0,0
6.316666666666666,2019,4,15,0,1,0,0,0,0,0
6.4,2019,4,16,0,0,0,0,0,1,0
6.683333333333334,2019,4,17,0,0,0,0,0,0,1
6.516666666666667,2019,4,18,0,0,0,0,1,0,0
7.116666666666666,2019,4,19,1,0,0,0,0,0,0
7.133333333333334,2019,4,20,0,0,1,0,0,0,0
6.7,2019,4,21,0,0,0,1,0,0,0
6.833333333333333,2019,4,24,0,0,0,0,0,0,1
6.233333333333333,2019,4,25,0,0,0,0,1,0,0
6.45,2019,4,26,1,0,0,0,0,0,0
6.633333333333334,2019,4,27,0,0,1,0,0,0,0
5.683333333333334,2019,4,28,0,0,0,1,0,0,0
5.8,2019,4,29,0,1,0,0,0,0,0
5.45,2019,4,30,0,0,0,0,0,1,0
6.833333333333333,2019,5,1,0,0,0,0,0,0,1
6.4,2019,5,2,0,0,0,0,1,0,0
6.4,2019,5,3,1,0,0,0,0,0,0
4.166666666666667,2019,5,4,0,0,1,0,0,0,0
7.583333333333333,2019,5,5,0,0,0,1,0,0,0
6.333333333333333,2019,5,6,0,1,0,0,0,0,0
6.833333333333333,2019,5,7,0,0,0,0,0,1,0
6.7,2019,5,8,0,0,0,0,0,0,1
6.666666666666667,2019,5,9,0,0,0,0,1,0,0
6.35,2019,5,10,1,0,0,0,0,0,0
5.616666666666666,2019,5,11,0,0,1,0,0,0,0
7.266666666666667,2019,5,12,0,0,0,1,0,0,0
6.233333333333333,2019,5,13,0,1,0,0,0,0,0
5.716666666666667,2019,5,14,0,0,0,0,0,1,0
6.966666666666667,2019,5,15,0,0,0,0,0,0,1
6.833333333333333,2019,5,16,0,0,0,0,1,0,0
7.233333333333333,2019,5,17,1,0,0,0,0,0,0
6.266666666666667,2019,5,18,0,0,1,0,0,0,0
6.6,2019,5,19,0,0,0,1,0,0,0
6.766666666666667,2019,5,20,0,1,0,0,0,0,0
6.0,2019,5,21,0,0,0,0,0,1,0
7.133333333333334,2019,5,22,0,0,0,0,0,0,1
6.416666666666667,2019,5,23,0,0,0,0,1,0,0
6.016666666666667,2019,5,24,1,0,0,0,0,0,0
5.616666666666666,2019,5,27,0,1,0,0,0,0,0
6.3,2019,5,28,0,0,0,0,0,1,0
6.116666666666666,2019,5,29,0,0,0,0,0,0,1
6.766666666666667,2019,5,30,0,0,0,0,1,0,0
6.5,2019,5,31,1,0,0,0,0,0,0
6.433333333333334,2019,6,1,0,0,1,0,0,0,0
6.433333333333334,2019,6,2,0,0,0,1,0,0,0
4.8,2019,6,3,0,1,0,0,0,0,0
6.266666666666667,2019,6,4,0,0,0,0,0,1,0
5.433333333333334,2019,6,5,0,0,0,0,0,0,1
5.833333333333333,2019,6,6,0,0,0,0,1,0,0
5.666666666666667,2019,6,7,1,0,0,0,0,0,0
6.483333333333333,2019,6,8,0,0,1,0,0,0,0
6.383333333333334,2019,6,9,0,0,0,1,0,0,0
6.233333333333333,2019,6,10,0,1,0,0,0,0,0
6.083333333333333,2019,6,11,0,0,0,0,0,1,0
7.05,2019,6,12,0,0,0,0,0,0,1
6.5,2019,6,13,0,0,0,0,1,0,0
5.6,2019,6,14,1,0,0,0,0,0,0
6.183333333333334,2019,6,15,0,0,1,0,0,0,0
6.95,2019,6,16,0,0,0,1,0,0,0
6.9,2019,6,17,0,1,0,0,0,0,0
7.333333333333333,2019,6,18,0,0,0,0,0,1,0
6.6,2019,6,19,0,0,0,0,0,0,1
6.066666666666666,2019,6,20,0,0,0,0,1,0,0
6.55,2019,6,21,1,0,0,0,0,0,0
7.416666666666667,2019,6,22,0,0,1,0,0,0,0
7.15,2019,6,23,0,0,0,1,0,0,0
7.133333333333334,2019,6,24,0,1,0,0,0,0,0
5.583333333333333,2019,6,25,0,0,0,0,0,1,0
5.083333333333333,2019,6,26,0,0,0,0,0,0,1
7.916666666666667,2019,6,27,0,0,0,0,1,0,0
6.383333333333334,2019,6,28,1,0,0,0,0,0,0
5.75,2019,6,29,0,0,1,0,0,0,0
6.516666666666667,2019,6,30,0,0,0,1,0,0,0
6.383333333333334,2019,7,1,0,1,0,0,0,0,0
5.833333333333333,2019,7,2,0,0,0,0,0,1,0
7.116666666666666,2019,7,3,0,0,0,0,0,0,1
7.566666666666666,2019,7,4,0,0,0,0,1,0,0
5.283333333333333,2019,7,5,1,0,0,0,0,0,0
5.783333333333333,2019,7,6,0,0,1,0,0,0,0
6.4,2019,7,7,0,0,0,1,0,0,0
6.966666666666667,2019,7,8,0,1,0,0,0,0,0
7.466666666666667,2019,7,9,0,0,0,0,0,1,0
7.466666666666667,2019,7,10,0,0,0,0,0,0,1
5.233333333333333,2019,7,11,0,0,0,0,1,0,0
5.683333333333334,2019,7,12,1,0,0,0,0,0,0
5.7,2019,7,13,0,0,1,0,0,0,0
8.466666666666667,2019,7,14,0,0,0,1,0,0,0
5.816666666666666,2019,7,15,0,1,0,0,0,0,0
5.65,2019,7,16,0,0,0,0,0,1,0
7.116666666666666,2019,7,17,0,0,0,0,0,0,1
7.25,2019,7,18,0,0,0,0,1,0,0
5.466666666666667,2019,7,19,1,0,0,0,0,0,0
6.316666666666666,2019,7,20,0,0,1,0,0,0,0
6.8,2019,7,21,0,0,0,1,0,0,0
6.716666666666667,2019,7,22,0,1,0,0,0,0,0
7.616666666666666,2019,7,23,0,0,0,0,0,1,0
6.966666666666667,2019,7,24,0,0,0,0,0,0,1
7.15,2019,7,25,0,0,0,0,1,0,0
6.5,2019,7,26,1,0,0,0,0,0,0
7.316666666666666,2019,7,27,0,0,1,0,0,0,0
5.716666666666667,2019,7,28,0,0,0,1,0,0,0
5.983333333333333,2019,7,29,0,1,0,0,0,0,0
7.3,2019,7,30,0,0,0,0,0,1,0
5.416666666666667,2019,7,31,0,0,0,0,0,0,1
7.833333333333333,2019,8,1,0,0,0,0,1,0,0
5.4,2019,8,2,1,0,0,0,0,0,0
7.966666666666667,2019,8,3,0,0,1,0,0,0,0
5.783333333333333,2019,8,4,0,0,0,1,0,0,0
6.233333333333333,2019,8,5,0,1,0,0,0,0,0
6.2,2019,8,6,0,0,0,0,0,1,0
7.05,2019,8,7,0,0,0,0,0,0,1
6.916666666666667,2019,8,9,1,0,0,0,0,0,0
7.366666666666666,2019,8,10,0,0,1,0,0,0,0
7.6,2019,8,11,0,0,0,1,0,0,0
6.4,2019,8,12,0,1,0,0,0,0,0
6.616666666666666,2019,8,13,0,0,0,0,0,1,0
8.7,2019,8,14,0,0,0,0,0,0,1
6.8,2019,8,15,0,0,0,0,1,0,0
3.466666666666667,2019,8,16,1,0,0,0,0,0,0
7.5,2019,8,17,0,0,1,0,0,0,0
6.266666666666667,2019,8,18,0,0,0,1,0,0,0
7.45,2019,8,19,0,1,0,0,0,0,0
6.833333333333333,2019,8,20,0,0,0,0,0,1,0
6.716666666666667,2019,8,21,0,0,0,0,0,0,1
7.883333333333334,2019,8,22,0,0,0,0,1,0,0
7.916666666666667,2019,8,23,1,0,0,0,0,0,0
7.45,2019,8,24,0,0,1,0,0,0,0
6.783333333333333,2019,8,25,0,0,0,1,0,0,0
7.45,2019,8,26,0,1,0,0,0,0,0
6.533333333333333,2019,8,27,0,0,0,0,0,1,0
7.016666666666667,2019,8,28,0,0,0,0,0,0,1
7.75,2019,8,29,0,0,0,0,1,0,0
6.516666666666667,2019,8,30,1,0,0,0,0,0,0
7.083333333333333,2019,8,31,0,0,1,0,0,0,0
7.016666666666667,2019,9,1,0,0,0,1,0,0,0
6.983333333333333,2019,9,2,0,1,0,0,0,0,0
6.766666666666667,2019,9,3,0,0,0,0,0,1,0
6.983333333333333,2019,9,4,0,0,0,0,0,0,1
7.966666666666667,2019,9,5,0,0,0,0,1,0,0
6.433333333333334,2019,9,6,1,0,0,0,0,0,0
6.666666666666667,2019,9,7,0,0,1,0,0,0,0
7.216666666666667,2019,9,8,0,0,0,1,0,0,0
6.733333333333333,2019,9,9,0,1,0,0,0,0,0
8.166666666666666,2019,9,10,0,0,0,0,0,1,0
6.066666666666666,2019,9,11,0,0,0,0,0,0,1
6.333333333333333,2019,9,12,0,0,0,0,1,0,0
7.15,2019,9,13,1,0,0,0,0,0,0
7.15,2019,9,14,0,0,1,0,0,0,0
7.666666666666667,2019,9,15,0,0,0,1,0,0,0
5.933333333333334,2019,9,16,0,1,0,0,0,0,0
6.716666666666667,2019,9,17,0,0,0,0,0,1,0
7.383333333333334,2019,9,18,0,0,0,0,0,0,1
8.3,2019,9,19,0,0,0,0,1,0,0
6.8,2019,9,20,1,0,0,0,0,0,0
5.916666666666667,2019,9,21,0,0,1,0,0,0,0
8.466666666666667,2019,9,22,0,0,0,1,0,0,0
6.016666666666667,2019,9,23,0,1,0,0,0,0,0
5.516666666666667,2019,9,24,0,0,0,0,0,1,0
5.483333333333333,2019,9,25,0,0,0,0,0,0,1
7.366666666666666,2019,9,26,0,0,0,0,1,0,0
6.816666666666666,2019,9,27,1,0,0,0,0,0,0
7.9,2019,9,28,0,0,1,0,0,0,0
8.0,2019,9,29,0,0,0,1,0,0,0
5.35,2019,9,30,0,1,0,0,0,0,0
6.466666666666667,2019,10,1,0,0,0,0,0,1,0
6.35,2019,10,2,0,0,0,0,0,0,1
5.7,2019,10,3,0,0,0,0,1,0,0
6.5,2019,10,4,1,0,0,0,0,0,0
5.766666666666667,2019,10,5,0,0,1,0,0,0,0
6.516666666666667,2019,10,6,0,0,0,1,0,0,0
7.166666666666667,2019,10,7,0,1,0,0,0,0,0
5.533333333333333,2019,10,8,0,0,0,0,0,1,0
6.0,2019,10,9,0,0,0,0,0,0,1
5.95,2019,10,10,0,0,0,0,1,0,0
3.8666666666666663,2019,10,11,1,0,0,0,0,0,0
6.316666666666666,2019,10,12,0,0,1,0,0,0,0
6.55,2019,10,13,0,0,0,1,0,0,0
6.35,2019,10,14,0,1,0,0,0,0,0
4.183333333333334,2019,10,15,0,0,0,0,0,1,0
5.316666666666666,2019,10,16,0,0,0,0,0,0,1
6.183333333333334,2019,10,17,0,0,0,0,1,0,0
7.016666666666667,2019,10,18,1,0,0,0,0,0,0
6.483333333333333,2019,10,19,0,0,1,0,0,0,0
6.833333333333333,2019,10,20,0,0,0,1,0,0,0
5.5,2019,10,21,0,1,0,0,0,0,0
6.366666666666666,2019,10,22,0,0,0,0,0,1,0
5.233333333333333,2019,10,23,0,0,0,0,0,0,1
6.316666666666666,2019,10,24,0,0,0,0,1,0,0
6.333333333333333,2019,10,25,1,0,0,0,0,0,0
7.65,2019,10,26,0,0,1,0,0,0,0
9.533333333333331,2019,10,27,0,0,0,1,0,0,0
4.15,2019,10,28,0,1,0,0,0,0,0
4.966666666666667,2019,10,29,0,0,0,0,0,1,0
6.85,2019,10,30,0,0,0,0,0,0,1
6.8,2019,10,31,0,0,0,0,1,0,0
6.216666666666667,2019,11,1,1,0,0,0,0,0,0
6.6,2019,11,2,0,0,1,0,0,0,0
4.516666666666667,2019,11,3,0,0,0,1,0,0,0
7.966666666666667,2019,11,4,0,1,0,0,0,0,0
7.066666666666666,2019,11,5,0,0,0,0,0,1,0
6.516666666666667,2019,11,6,0,0,0,0,0,0,1
7.483333333333333,2019,11,7,0,0,0,0,1,0,0
7.283333333333333,2019,11,8,1,0,0,0,0,0,0
6.816666666666666,2019,11,9,0,0,1,0,0,0,0
7.033333333333333,2019,11,10,0,0,0,1,0,0,0
5.266666666666667,2019,11,11,0,1,0,0,0,0,0
6.316666666666666,2019,11,12,0,0,0,0,0,1,0
6.216666666666667,2019,11,13,0,0,0,0,0,0,1
5.866666666666666,2019,11,14,0,0,0,0,1,0,0
7.433333333333334,2019,11,15,1,0,0,0,0,0,0
6.333333333333333,2019,11,16,0,0,1,0,0,0,0
7.216666666666667,2019,11,17,0,0,0,1,0,0,0
5.683333333333334,2019,11,18,0,1,0,0,0,0,0
6.666666666666667,2019,11,19,0,0,0,0,0,1,0
5.75,2019,11,20,0,0,0,0,0,0,1
4.05,2019,11,21,0,0,0,0,1,0,0
6.683333333333334,2019,11,22,1,0,0,0,0,0,0
6.183333333333334,2019,11,23,0,0,1,0,0,0,0
7.516666666666667,2019,11,24,0,0,0,1,0,0,0
5.75,2019,11,25,0,1,0,0,0,0,0
4.0,2019,11,26,0,0,0,0,0,1,0
5.966666666666667,2019,11,27,0,0,0,0,0,0,1
6.75,2019,11,28,0,0,0,0,1,0,0
5.083333333333333,2019,11,29,1,0,0,0,0,0,0
7.5,2019,11,30,0,0,1,0,0,0,0
7.816666666666666,2019,12,1,0,0,0,1,0,0,0
5.916666666666667,2019,12,2,0,1,0,0,0,0,0
6.95,2019,12,3,0,0,0,0,0,1,0
6.083333333333333,2019,12,4,0,0,0,0,0,0,1
6.766666666666667,2019,12,5,0,0,0,0,1,0,0
6.7,2019,12,6,1,0,0,0,0,0,0
9.816666666666666,2019,12,7,0,0,1,0,0,0,0
6.783333333333333,2019,12,8,0,0,0,1,0,0,0
4.05,2019,12,9,0,1,0,0,0,0,0
6.05,2019,12,10,0,0,0,0,0,1,0
5.583333333333333,2019,12,11,0,0,0,0,0,0,1
5.8,2019,12,12,0,0,0,0,1,0,0
7.466666666666667,2019,12,13,1,0,0,0,0,0,0
7.5,2019,12,14,0,0,1,0,0,0,0
4.383333333333334,2019,12,15,0,0,0,1,0,0,0
6.9,2019,12,16,0,1,0,0,0,0,0
6.616666666666666,2019,12,17,0,0,0,0,0,1,0
6.066666666666666,2019,12,18,0,0,0,0,0,0,1
6.816666666666666,2019,12,19,0,0,0,0,1,0,0
6.683333333333334,2019,12,20,1,0,0,0,0,0,0
7.333333333333333,2019,12,21,0,0,1,0,0,0,0
7.433333333333334,2019,12,22,0,0,0,1,0,0,0
7.183333333333334,2019,12,23,0,1,0,0,0,0,0
5.95,2019,12,24,0,0,0,0,0,1,0
6.233333333333333,2019,12,25,0,0,0,0,0,0,1
6.233333333333333,2019,12,26,0,0,0,0,1,0,0
6.85,2019,12,27,1,0,0,0,0,0,0
6.633333333333334,2019,12,28,0,0,1,0,0,0,0
6.2,2019,12,29,0,0,0,1,0,0,0
5.5,2019,12,30,0,1,0,0,0,0,0
8.083333333333334,2019,12,31,0,0,0,0,0,1,0
4.933333333333334,2020,1,1,0,0,0,0,0,0,1
5.766666666666667,2020,1,2,0,0,0,0,1,0,0
6.983333333333333,2020,1,3,1,0,0,0,0,0,0
7.45,2020,1,4,0,0,1,0,0,0,0
6.3,2020,1,5,0,0,0,1,0,0,0
6.15,2020,1,6,0,1,0,0,0,0,0
7.033333333333333,2020,1,7,0,0,0,0,0,1,0
6.316666666666666,2020,1,8,0,0,0,0,0,0,1
5.916666666666667,2020,1,9,0,0,0,0,1,0,0
4.266666666666667,2020,1,10,1,0,0,0,0,0,0
6.933333333333334,2020,1,11,0,0,1,0,0,0,0
7.983333333333333,2020,1,12,0,0,0,1,0,0,0
5.183333333333334,2020,1,13,0,1,0,0,0,0,0
3.583333333333333,2020,1,14,0,0,0,0,0,1,0
5.616666666666666,2020,1,15,0,0,0,0,0,0,1
7.983333333333333,2020,1,16,0,0,0,0,1,0,0
7.816666666666666,2020,1,17,1,0,0,0,0,0,0
6.166666666666667,2020,1,18,0,0,1,0,0,0,0
6.316666666666666,2020,1,19,0,0,0,1,0,0,0
8.116666666666667,2020,1,20,0,1,0,0,0,0,0
8.2,2020,1,21,0,0,0,0,0,1,0
7.216666666666667,2020,1,22,0,0,0,0,0,0,1
5.966666666666667,2020,1,23,0,0,0,0,1,0,0
5.8,2020,1,24,1,0,0,0,0,0,0
6.883333333333334,2020,1,25,0,0,1,0,0,0,0
7.3,2020,1,26,0,0,0,1,0,0,0
7.9,2020,1,27,0,1,0,0,0,0,0
7.216666666666667,2020,1,28,0,0,0,0,0,1,0
6.566666666666666,2020,1,29,0,0,0,0,0,0,1
7.05,2020,1,30,0,0,0,0,1,0,0
6.266666666666667,2020,1,31,1,0,0,0,0,0,0
7.083333333333333,2020,2,1,0,0,1,0,0,0,0
6.916666666666667,2020,2,2,0,0,0,1,0,0,0
7.15,2020,2,3,0,1,0,0,0,0,0
6.366666666666666,2020,2,4,0,0,0,0,0,1,0
6.516666666666667,2020,2,5,0,0,0,0,0,0,1
7.05,2020,2,6,0,0,0,0,1,0,0
7.533333333333333,2020,2,7,1,0,0,0,0,0,0
7.25,2020,2,8,0,0,1,0,0,0,0
7.116666666666666,2020,2,9,0,0,0,1,0,0,0
7.266666666666667,2020,2,10,0,1,0,0,0,0,0
5.95,2020,2,11,0,0,0,0,0,1,0
6.583333333333333,2020,2,12,0,0,0,0,0,0,1
6.883333333333334,2020,2,13,0,0,0,0,1,0,0
6.233333333333333,2020,2,14,1,0,0,0,0,0,0
7.466666666666667,2020,2,15,0,0,1,0,0,0,0
7.683333333333334,2020,2,16,0,0,0,1,0,0,0
1.65,2020,2,17,0,1,0,0,0,0,0
5.666666666666667,2020,2,18,0,0,0,0,0,1,0
8.383333333333333,2020,2,19,0,0,0,0,0,0,1
7.966666666666667,2020,2,20,0,0,0,0,1,0,0
7.066666666666666,2020,2,21,1,0,0,0,0,0,0
7.483333333333333,2020,2,22,0,0,1,0,0,0,0
6.25,2020,2,23,0,0,0,1,0,0,0
6.366666666666666,2020,2,24,0,1,0,0,0,0,0
5.65,2020,2,25,0,0,0,0,0,1,0
6.733333333333333,2020,2,26,0,0,0,0,0,0,1
7.183333333333334,2020,2,27,0,0,0,0,1,0,0
6.216666666666667,2020,2,28,1,0,0,0,0,0,0
7.633333333333334,2020,2,29,0,0,1,0,0,0,0
5.866666666666666,2020,3,1,0,0,0,1,0,0,0
6.5,2020,3,2,0,1,0,0,0,0,0
5.416666666666667,2020,3,3,0,0,0,0,0,1,0
8.033333333333333,2020,3,4,0,0,0,0,0,0,1
5.866666666666666,2020,3,5,0,0,0,0,1,0,0
9.016666666666667,2020,3,6,1,0,0,0,0,0,0
6.966666666666667,2020,3,8,0,0,0,1,0,0,0
7.45,2020,3,9,0,1,0,0,0,0,0
6.2,2020,3,10,0,0,0,0,0,1,0
7.266666666666667,2020,3,11,0,0,0,0,0,0,1
7.716666666666667,2020,3,12,0,0,0,0,1,0,0
7.316666666666666,2020,3,13,1,0,0,0,0,0,0
7.933333333333334,2020,3,14,0,0,1,0,0,0,0
8.433333333333334,2020,3,15,0,0,0,1,0,0,0
6.45,2020,3,16,0,1,0,0,0,0,0
7.466666666666667,2020,3,17,0,0,0,0,0,1,0
5.65,2020,3,18,0,0,0,0,0,0,1
7.033333333333333,2020,3,19,0,0,0,0,1,0,0
7.55,2020,3,20,1,0,0,0,0,0,0
7.016666666666667,2020,3,21,0,0,1,0,0,0,0
6.266666666666667,2020,3,22,0,0,0,1,0,0,0
6.95,2020,3,23,0,1,0,0,0,0,0
6.85,2020,3,24,0,0,0,0,0,1,0
7.433333333333334,2020,3,25,0,0,0,0,0,0,1
7.683333333333334,2020,3,26,0,0,0,0,1,0,0
6.616666666666666,2020,3,27,1,0,0,0,0,0,0
6.45,2020,3,28,0,0,1,0,0,0,0
5.983333333333333,2020,3,29,0,0,0,1,0,0,0
6.6,2020,3,30,0,1,0,0,0,0,0
5.566666666666666,2020,3,31,0,0,0,0,0,1,0
7.583333333333333,2020,4,1,0,0,0,0,0,0,1
7.283333333333333,2020,4,2,0,0,0,0,1,0,0
6.183333333333334,2020,4,3,1,0,0,0,0,0,0
7.083333333333333,2020,4,4,0,0,1,0,0,0,0
6.416666666666667,2020,4,5,0,0,0,1,0,0,0
7.35,2020,4,6,0,1,0,0,0,0,0
5.85,2020,4,7,0,0,0,0,0,1,0
4.933333333333334,2020,4,8,0,0,0,0,0,0,1
5.85,2020,4,9,0,0,0,0,1,0,0
6.283333333333333,2020,4,10,1,0,0,0,0,0,0
5.75,2020,4,11,0,0,1,0,0,0,0
6.216666666666667,2020,4,12,0,0,0,1,0,0,0
4.866666666666666,2020,4,13,0,1,0,0,0,0,0
4.516666666666667,2020,4,14,0,0,0,0,0,1,0
6.266666666666667,2020,4,15,0,0,0,0,0,0,1
6.566666666666666,2020,4,16,0,0,0,0,1,0,0
6.233333333333333,2020,4,17,1,0,0,0,0,0,0
6.566666666666666,2020,4,18,0,0,1,0,0,0,0
6.916666666666667,2020,4,19,0,0,0,1,0,0,0
4.25,2020,4,20,0,1,0,0,0,0,0
6.183333333333334,2020,4,21,0,0,0,0,0,1,0
5.9,2020,4,22,0,0,0,0,0,0,1
7.483333333333333,2020,4,23,0,0,0,0,1,0,0
5.733333333333333,2020,4,24,1,0,0,0,0,0,0
6.483333333333333,2020,4,25,0,0,1,0,0,0,0
6.4,2020,4,26,0,0,0,1,0,0,0
7.266666666666667,2020,4,27,0,1,0,0,0,0,0
5.833333333333333,2020,4,28,0,0,0,0,0,1,0
5.35,2020,4,29,0,0,0,0,0,0,1
8.7,2020,4,30,0,0,0,0,1,0,0
5.5,2020,5,1,1,0,0,0,0,0,0
5.45,2020,5,2,0,0,1,0,0,0,0
6.183333333333334,2020,5,3,0,0,0,1,0,0,0
5.983333333333333,2020,5,4,0,1,0,0,0,0,0
7.483333333333333,2020,5,5,0,0,0,0,0,1,0
6.05,2020,5,6,0,0,0,0,0,0,1
7.666666666666667,2020,5,7,0,0,0,0,1,0,0
5.5,2020,5,8,1,0,0,0,0,0,0
6.5,2020,5,9,0,0,1,0,0,0,0
8.133333333333333,2020,5,10,0,0,0,1,0,0,0
7.733333333333333,2020,5,11,0,1,0,0,0,0,0
6.95,2020,5,12,0,0,0,0,0,1,0
6.1,2020,5,13,0,0,0,0,0,0,1
4.883333333333334,2020,5,14,0,0,0,0,1,0,0
6.833333333333333,2020,5,15,1,0,0,0,0,0,0
7.183333333333334,2020,5,16,0,0,1,0,0,0,0
7.566666666666666,2020,5,17,0,0,0,1,0,0,0
6.5,2020,5,18,0,1,0,0,0,0,0
6.066666666666666,2020,5,19,0,0,0,0,0,1,0
6.233333333333333,2020,5,20,0,0,0,0,0,0,1
7.266666666666667,2020,5,21,0,0,0,0,1,0,0
6.933333333333334,2020,5,22,1,0,0,0,0,0,0
7.783333333333333,2020,5,23,0,0,1,0,0,0,0
6.566666666666666,2020,5,24,0,0,0,1,0,0,0
5.8,2020,5,25,0,1,0,0,0,0,0
5.95,2020,5,26,0,0,0,0,0,1,0
6.916666666666667,2020,5,27,0,0,0,0,0,0,1
6.466666666666667,2020,5,28,0,0,0,0,1,0,0
6.883333333333334,2020,5,29,1,0,0,0,0,0,0
8.466666666666667,2020,5,30,0,0,1,0,0,0,0
6.616666666666666,2020,5,31,0,0,0,1,0,0,0
7.433333333333334,2020,6,1,0,1,0,0,0,0,0
6.833333333333333,2020,6,2,0,0,0,0,0,1,0
6.116666666666666,2020,6,3,0,0,0,0,0,0,1
7.333333333333333,2020,6,4,0,0,0,0,1,0,0
6.983333333333333,2020,6,5,1,0,0,0,0,0,0
6.25,2020,6,6,0,0,1,0,0,0,0
4.383333333333334,2020,6,7,0,0,0,1,0,0,0
6.383333333333334,2020,6,8,0,1,0,0,0,0,0
5.933333333333334,2020,6,9,0,0,0,0,0,1,0
7.133333333333334,2020,6,10,0,0,0,0,0,0,1
5.85,2020,6,11,0,0,0,0,1,0,0
7.233333333333333,2020,6,13,0,0,1,0,0,0,0
6.7,2020,6,14,0,0,0,1,0,0,0
6.766666666666667,2020,6,15,0,1,0,0,0,0,0
5.5,2020,6,16,0,0,0,0,0,1,0
8.783333333333333,2020,6,17,0,0,0,0,0,0,1
7.333333333333333,2020,6,18,0,0,0,0,1,0,0
6.916666666666667,2020,6,19,1,0,0,0,0,0,0
7.466666666666667,2020,6,20,0,0,1,0,0,0,0
8.266666666666667,2020,6,21,0,0,0,1,0,0,0
7.7,2020,6,22,0,1,0,0,0,0,0
5.766666666666667,2020,6,23,0,0,0,0,0,1,0
6.566666666666666,2020,6,24,0,0,0,0,0,0,1
6.916666666666667,2020,6,25,0,0,0,0,1,0,0
7.15,2020,6,26,1,0,0,0,0,0,0
6.916666666666667,2020,6,27,0,0,1,0,0,0,0
5.633333333333334,2020,6,28,0,0,0,1,0,0,0
6.383333333333334,2020,6,29,0,1,0,0,0,0,0
7.283333333333333,2020,6,30,0,0,0,0,0,1,0
6.083333333333333,2020,7,1,0,0,0,0,0,0,1
8.333333333333334,2020,7,2,0,0,0,0,1,0,0
7.783333333333333,2020,7,3,1,0,0,0,0,0,0
7.733333333333333,2020,7,4,0,0,1,0,0,0,0
7.183333333333334,2020,7,5,0,0,0,1,0,0,0
3.183333333333333,2020,7,7,0,0,0,0,0,1,0
7.316666666666666,2020,7,8,0,0,0,0,0,0,1
7.416666666666667,2020,7,9,0,0,0,0,1,0,0
7.033333333333333,2020,7,10,1,0,0,0,0,0,0
6.0,2020,7,11,0,0,1,0,0,0,0
6.95,2020,7,12,0,0,0,1,0,0,0
7.3,2020,7,13,0,1,0,0,0,0,0
7.15,2020,7,14,0,0,0,0,0,1,0
7.3,2020,7,15,0,0,0,0,0,0,1
9.583333333333334,2020,7,16,0,0,0,0,1,0,0
8.166666666666666,2020,7,17,1,0,0,0,0,0,0
6.716666666666667,2020,7,18,0,0,1,0,0,0,0
7.266666666666667,2020,7,19,0,0,0,1,0,0,0
4.766666666666667,2020,7,20,0,1,0,0,0,0,0
4.883333333333334,2020,7,21,0,0,0,0,0,1,0
6.433333333333334,2020,7,22,0,0,0,0,0,0,1
6.55,2020,7,23,0,0,0,0,1,0,0
7.233333333333333,2020,7,24,1,0,0,0,0,0,0
5.633333333333334,2020,7,25,0,0,1,0,0,0,0
7.483333333333333,2020,7,26,0,0,0,1,0,0,0
7.766666666666667,2020,7,27,0,1,0,0,0,0,0
6.966666666666667,2020,7,28,0,0,0,0,0,1,0
7.1,2020,7,29,0,0,0,0,0,0,1
7.35,2020,7,30,0,0,0,0,1,0,0
8.316666666666666,2020,7,31,1,0,0,0,0,0,0
6.533333333333333,2020,8,1,0,0,1,0,0,0,0
7.916666666666667,2020,8,2,0,0,0,1,0,0,0
5.666666666666667,2020,8,3,0,1,0,0,0,0,0
5.483333333333333,2020,8,4,0,0,0,0,0,1,0
7.1,2020,8,5,0,0,0,0,0,0,1
6.783333333333333,2020,8,6,0,0,0,0,1,0,0
6.95,2020,8,7,1,0,0,0,0,0,0
7.183333333333334,2020,8,8,0,0,1,0,0,0,0
6.216666666666667,2020,8,9,0,0,0,1,0,0,0
6.35,2020,8,10,0,1,0,0,0,0,0
7.25,2020,8,11,0,0,0,0,0,1,0
5.916666666666667,2020,8,12,0,0,0,0,0,0,1
5.183333333333334,2020,8,13,0,0,0,0,1,0,0
5.816666666666666,2020,8,14,1,0,0,0,0,0,0
6.533333333333333,2020,8,15,0,0,1,0,0,0,0
6.483333333333333,2020,8,16,0,0,0,1,0,0,0
6.2,2020,8,17,0,1,0,0,0,0,0
7.3,2020,8,18,0,0,0,0,0,1,0
7.85,2020,8,19,0,0,0,0,0,0,1
1.5,2020,8,20,0,0,0,0,1,0,0
4.533333333333333,2020,8,21,1,0,0,0,0,0,0
8.233333333333333,2020,8,22,0,0,1,0,0,0,0
6.216666666666667,2020,8,23,0,0,0,1,0,0,0
6.966666666666667,2020,8,24,0,1,0,0,0,0,0
6.966666666666667,2020,8,25,0,0,0,0,0,1,0
5.2,2020,8,26,0,0,0,0,0,0,1
8.083333333333334,2020,8,27,0,0,0,0,1,0,0
7.25,2020,8,28,1,0,0,0,0,0,0
6.816666666666666,2020,8,29,0,0,1,0,0,0,0
7.966666666666667,2020,8,30,0,0,0,1,0,0,0
8.3,2020,8,31,0,1,0,0,0,0,0
5.966666666666667,2020,9,1,0,0,0,0,0,1,0
5.866666666666666,2020,9,2,0,0,0,0,0,0,1
2.25,2020,9,3,0,0,0,0,1,0,0
6.566666666666666,2020,9,4,1,0,0,0,0,0,0
8.016666666666667,2020,9,5,0,0,1,0,0,0,0
6.333333333333333,2020,9,6,0,0,0,1,0,0,0
6.533333333333333,2020,9,7,0,1,0,0,0,0,0
7.133333333333334,2020,9,8,0,0,0,0,0,1,0
7.583333333333333,2020,9,9,0,0,0,0,0,0,1
3.95,2020,9,10,0,0,0,0,1,0,0
6.516666666666667,2020,9,11,1,0,0,0,0,0,0
7.666666666666667,2020,9,12,0,0,1,0,0,0,0
4.183333333333334,2020,9,13,0,0,0,1,0,0,0
4.233333333333333,2020,9,14,0,1,0,0,0,0,0
6.466666666666667,2020,9,15,0,0,0,0,0,1,0
6.85,2020,9,16,0,0,0,0,0,0,1
6.583333333333333,2020,9,17,0,0,0,0,1,0,0
5.183333333333334,2020,9,18,1,0,0,0,0,0,0
5.583333333333333,2020,9,19,0,0,1,0,0,0,0
7.5,2020,9,21,0,1,0,0,0,0,0
4.65,2020,9,22,0,0,0,0,0,1,0
7.216666666666667,2020,9,26,0,0,1,0,0,0,0
6.616666666666666,2020,9,27,0,0,0,1,0,0,0
6.95,2020,9,28,0,1,0,0,0,0,0
8.025,2020,9,29,0,0,0,0,0,1,0
7.616666666666666,2020,9,30,0,0,0,0,0,0,1
6.108333333333333,2020,10,1,0,0,0,0,1,0,0
6.775,2020,10,2,1,0,0,0,0,0,0
5.641666666666667,2020,10,3,0,0,1,0,0,0,0
6.466666666666667,2020,10,4,0,0,0,1,0,0,0
6.108333333333333,2020,10,5,0,1,0,0,0,0,0
5.375,2020,10,6,0,0,0,0,0,1,0
8.066666666666666,2020,10,7,0,0,0,0,0,0,1
6.508333333333334,2020,10,8,0,0,0,0,1,0,0
7.508333333333333,2020,10,9,1,0,0,0,0,0,0
6.241666666666667,2020,10,10,0,0,1,0,0,0,0
6.75,2020,10,11,0,0,0,1,0,0,0
6.15,2020,10,12,0,1,0,0,0,0,0
7.483333333333333,2020,10,13,0,0,0,0,0,1,0
7.341666666666667,2020,10,14,0,0,0,0,0,0,1
7.566666666666666,2020,10,15,0,0,0,0,1,0,0
6.266666666666667,2020,10,16,1,0,0,0,0,0,0
6.225,2020,10,17,0,0,1,0,0,0,0
6.966666666666666,2020,10,18,0,0,0,1,0,0,0
6.1,2020,10,19,0,1,0,0,0,0,0
6.05,2020,10,20,0,0,0,0,0,1,0
7.258333333333334,2020,10,21,0,0,0,0,0,0,1
7.2666666666666675,2020,10,22,0,0,0,0,1,0,0
7.333333333333334,2020,10,23,1,0,0,0,0,0,0
6.575,2020,10,24,0,0,1,0,0,0,0
6.800000000000001,2020,10,25,0,0,0,1,0,0,0
5.95,2020,10,26,0,1,0,0,0,0,0
6.141666666666667,2020,10,27,0,0,0,0,0,1,0
6.541666666666667,2020,10,28,0,0,0,0,0,0,1
6.533333333333333,2020,10,29,0,0,0,0,1,0,0
6.075,2020,10,30,1,0,0,0,0,0,0
6.35,2020,10,31,0,0,1,0,0,0,0
7.3916666666666675,2020,11,1,0,0,0,1,0,0,0
7.683333333333333,2020,11,2,0,1,0,0,0,0,0
7.141666666666667,2020,11,3,0,0,0,0,0,1,0
5.741666666666667,2020,11,4,0,0,0,0,0,0,1
6.075,2020,11,5,0,0,0,0,1,0,0
6.316666666666666,2020,11,6,1,0,0,0,0,0,0
6.625,2020,11,7,0,0,1,0,0,0,0
6.991666666666666,2020,11,8,0,0,0,1,0,0,0
7.233333333333333,2020,11,9,0,1,0,0,0,0,0
7.275,2020,11,10,0,0,0,0,0,1,0
5.783333333333333,2020,11,11,0,0,0,0,0,0,1
6.716666666666667,2020,11,12,0,0,0,0,1,0,0
6.550000000000001,2020,11,13,1,0,0,0,0,0,0
7.083333333333333,2020,11,14,0,0,1,0,0,0,0
6.933333333333334,2020,11,15,0,0,0,1,0,0,0
6.725,2020,11,16,0,1,0,0,0,0,0
6.725,2020,11,17,0,0,0,0,0,1,0
7.116666666666666,2020,11,18,0,0,0,0,0,0,1
7.283333333333333,2020,11,19,0,0,0,0,1,0,0
6.775,2020,11,20,1,0,0,0,0,0,0
7.266666666666667,2020,11,21,0,0,1,0,0,0,0
6.775,2020,11,22,0,0,0,1,0,0,0
8.558333333333334,2020,11,23,0,1,0,0,0,0,0
6.516666666666667,2020,11,24,0,0,0,0,0,1,0
6.208333333333334,2020,11,25,0,0,0,0,0,0,1
5.35,2020,11,27,1,0,0,0,0,0,0
5.991666666666666,2020,11,28,0,0,1,0,0,0,0
6.333333333333334,2020,11,29,0,0,0,1,0,0,0
6.258333333333334,2020,11,30,0,1,0,0,0,0,0
6.341666666666667,2020,12,1,0,0,0,0,0,1,0
6.283333333333333,2020,12,2,0,0,0,0,0,0,1
6.133333333333333,2020,12,3,0,0,0,0,1,0,0
5.466666666666667,2020,12,4,1,0,0,0,0,0,0
6.908333333333333,2020,12,5,0,0,1,0,0,0,0
6.983333333333333,2020,12,6,0,0,0,1,0,0,0
6.3500000000000005,2020,12,7,0,1,0,0,0,0,0
6.058333333333334,2020,12,8,0,0,0,0,0,1,0
6.066666666666666,2020,12,9,0,0,0,0,0,0,1
5.883333333333333,2020,12,10,0,0,0,0,1,0,0
5.841666666666667,2020,12,11,1,0,0,0,0,0,0
7.091666666666667,2020,12,12,0,0,1,0,0,0,0
6.541666666666666,2020,12,13,0,0,0,1,0,0,0
5.383333333333333,2020,12,14,0,1,0,0,0,0,0
5.508333333333333,2020,12,15,0,0,0,0,0,1,0
5.841666666666667,2020,12,16,0,0,0,0,0,0,1
5.6,2020,12,17,0,0,0,0,1,0,0
5.183333333333334,2020,12,18,1,0,0,0,0,0,0
5.816666666666666,2020,12,19,0,0,1,0,0,0,0
5.633333333333333,2020,12,20,0,0,0,1,0,0,0
6.583333333333334,2020,12,21,0,1,0,0,0,0,0
6.241666666666666,2020,12,22,0,0,0,0,0,1,0
7.058333333333334,2020,12,23,0,0,0,0,0,0,1
4.6000000000000005,2020,12,24,0,0,0,0,1,0,0
9.066666666666666,2020,12,25,1,0,0,0,0,0,0
6.358333333333333,2020,12,26,0,0,1,0,0,0,0
5.725,2020,12,27,0,0,0,1,0,0,0
5.266666666666667,2020,12,28,0,1,0,0,0,0,0
6.191666666666666,2020,12,29,0,0,0,0,0,1,0
6.266666666666667,2020,12,30,0,0,0,0,0,0,1
6.55,2020,12,31,0,0,0,0,1,0,0
6.333333333333333,2021,1,1,1,0,0,0,0,0,0
5.925,2021,1,2,0,0,1,0,0,0,0
5.858333333333333,2021,1,3,0,0,0,1,0,0,0
5.883333333333334,2021,1,4,0,1,0,0,0,0,0
6.141666666666667,2021,1,5,0,0,0,0,0,1,0
4.491666666666667,2021,1,6,0,0,0,0,0,0,1
6.708333333333333,2021,1,7,0,0,0,0,1,0,0
6.441666666666666,2021,1,8,1,0,0,0,0,0,0
6.283333333333333,2021,1,9,0,0,1,0,0,0,0
7.15,2021,1,10,0,0,0,1,0,0,0
6.533333333333333,2021,1,11,0,1,0,0,0,0,0
6.875,2021,1,12,0,0,0,0,0,1,0
6.6,2021,1,13,0,0,0,0,0,0,1
5.691666666666667,2021,1,14,0,0,0,0,1,0,0
5.491666666666667,2021,1,15,1,0,0,0,0,0,0
6.466666666666667,2021,1,16,0,0,1,0,0,0,0
8.633333333333333,2021,1,17,0,0,0,1,0,0,0
6.333333333333333,2021,1,18,0,1,0,0,0,0,0
6.216666666666668,2021,1,19,0,0,0,0,0,1,0
5.733333333333333,2021,1,20,0,0,0,0,0,0,1
7.966666666666667,2021,1,21,0,0,0,0,1,0,0
7.85,2021,1,22,1,0,0,0,0,0,0
6.708333333333334,2021,1,23,0,0,1,0,0,0,0
7.491666666666667,2021,1,24,0,0,0,1,0,0,0
6.408333333333333,2021,1,25,0,1,0,0,0,0,0
6.866666666666667,2021,1,26,0,0,0,0,0,1,0
5.158333333333333,2021,1,27,0,0,0,0,0,0,1
6.641666666666667,2021,1,28,0,0,0,0,1,0,0
8.008333333333333,2021,1,29,1,0,0,0,0,0,0
7.066666666666666,2021,1,30,0,0,1,0,0,0,0
6.75,2021,1,31,0,0,0,1,0,0,0
6.916666666666667,2021,2,1,0,1,0,0,0,0,0
5.7,2021,2,2,0,0,0,0,0,1,0
7.316666666666666,2021,2,3,0,0,0,0,0,0,1
6.091666666666667,2021,2,4,0,0,0,0,1,0,0
7.258333333333334,2021,2,5,1,0,0,0,0,0,0
7.141666666666668,2021,2,6,0,0,1,0,0,0,0
6.108333333333333,2021,2,7,0,0,0,1,0,0,0
6.141666666666667,2021,2,8,0,1,0,0,0,0,0
5.941666666666667,2021,2,9,0,0,0,0,0,1,0
6.075,2021,2,10,0,0,0,0,0,0,1
6.358333333333333,2021,2,11,0,0,0,0,1,0,0
7.125,2021,2,12,1,0,0,0,0,0,0
7.35,2021,2,13,0,0,1,0,0,0,0
7.983333333333333,2021,2,15,0,1,0,0,0,0,0
7.958333333333333,2021,2,16,0,0,0,0,0,1,0
6.458333333333334,2021,2,17,0,0,0,0,0,0,1
7.608333333333333,2021,2,18,0,0,0,0,1,0,0
6.775,2021,2,19,1,0,0,0,0,0,0
7.1,2021,2,20,0,0,1,0,0,0,0
6.3,2021,2,21,0,0,0,1,0,0,0
6.833333333333333,2021,2,22,0,1,0,0,0,0,0
6.483333333333333,2021,2,23,0,0,0,0,0,1,0
7.066666666666666,2021,2,24,0,0,0,0,0,0,1
6.775,2021,2,25,0,0,0,0,1,0,0
7.483333333333333,2021,2,26,1,0,0,0,0,0,0
8.458333333333334,2021,2,27,0,0,1,0,0,0,0
6.941666666666666,2021,2,28,0,0,0,1,0,0,0
7.458333333333334,2021,3,1,0,1,0,0,0,0,0
7.325,2021,3,2,0,0,0,0,0,1,0
5.875,2021,3,3,0,0,0,0,0,0,1
6.691666666666667,2021,3,4,0,0,0,0,1,0,0
7.233333333333333,2021,3,5,1,0,0,0,0,0,0
6.266666666666667,2021,3,6,0,0,1,0,0,0,0
7.266666666666667,2021,3,7,0,0,0,1,0,0,0
7.516666666666667,2021,3,8,0,1,0,0,0,0,0
7.025,2021,3,9,0,0,0,0,0,1,0
6.941666666666667,2021,3,10,0,0,0,0,0,0,1
6.116666666666666,2021,3,11,0,0,0,0,1,0,0
7.641666666666667,2021,3,12,1,0,0,0,0,0,0
7.483333333333333,2021,3,13,0,0,1,0,0,0,0
8.316666666666666,2021,3,14,0,0,0,1,0,0,0
7.016666666666667,2021,3,15,0,1,0,0,0,0,0
6.533333333333334,2021,3,16,0,0,0,0,0,1,0
7.525,2021,3,17,0,0,0,0,0,0,1
7.0,2021,3,18,0,0,0,0,1,0,0
7.141666666666667,2021,3,19,1,0,0,0,0,0,0
6.366666666666667,2021,3,20,0,0,1,0,0,0,0
7.225,2021,3,21,0,0,0,1,0,0,0
7.35,2021,3,22,0,1,0,0,0,0,0
7.35,2021,3,23,0,0,0,0,0,1,0
7.0,2021,3,24,0,0,0,0,0,0,1
8.191666666666666,2021,3,25,0,0,0,0,1,0,0
7.166666666666667,2021,3,26,1,0,0,0,0,0,0
8.166666666666666,2021,3,27,0,0,1,0,0,0,0
6.6,2021,3,28,0,0,0,1,0,0,0
8.391666666666667,2021,3,29,0,1,0,0,0,0,0
7.4,2021,3,30,0,0,0,0,0,1,0
6.258333333333334,2021,3,31,0,0,0,0,0,0,1
6.766666666666667,2021,4,1,0,0,0,0,1,0,0
7.641666666666667,2021,4,2,1,0,0,0,0,0,0
6.95,2021,4,3,0,0,1,0,0,0,0
6.416666666666667,2021,4,4,0,0,0,1,0,0,0
5.491666666666667,2021,4,5,0,1,0,0,0,0,0
7.258333333333333,2021,4,6,0,0,0,0,0,1,0
6.533333333333334,2021,4,7,0,0,0,0,0,0,1
6.483333333333333,2021,4,8,0,0,0,0,1,0,0
6.483333333333333,2021,4,9,1,0,0,0,0,0,0
6.85,2021,4,10,0,0,1,0,0,0,0
7.616666666666667,2021,4,11,0,0,0,1,0,0,0
7.033333333333333,2021,4,12,0,1,0,0,0,0,0
6.516666666666667,2021,4,13,0,0,0,0,0,1,0
6.183333333333334,2021,4,14,0,0,0,0,0,0,1
6.641666666666667,2021,4,15,0,0,0,0,1,0,0
6.233333333333333,2021,4,16,1,0,0,0,0,0,0
6.783333333333333,2021,4,17,0,0,1,0,0,0,0
7.7,2021,4,18,0,0,0,1,0,0,0
6.533333333333333,2021,4,19,0,1,0,0,0,0,0
6.85,2021,4,20,0,0,0,0,0,1,0
7.383333333333333,2021,4,21,0,0,0,0,0,0,1
7.283333333333333,2021,4,22,0,0,0,0,1,0,0
6.725,2021,4,23,1,0,0,0,0,0,0
7.266666666666667,2021,4,24,0,0,1,0,0,0,0
7.191666666666666,2021,4,25,0,0,0,1,0,0,0
6.416666666666667,2021,4,26,0,1,0,0,0,0,0
6.675000000000001,2021,4,27,0,0,0,0,0,1,0
6.691666666666666,2021,4,28,0,0,0,0,0,0,1
6.508333333333333,2021,4,29,0,0,0,0,1,0,0
7.524999999999999,2021,5,1,0,0,1,0,0,0,0
6.666666666666667,2021,5,2,0,0,0,1,0,0,0
7.066666666666666,2021,5,3,0,1,0,0,0,0,0
6.358333333333333,2021,5,4,0,0,0,0,0,1,0
6.966666666666667,2021,5,5,0,0,0,0,0,0,1
6.866666666666667,2021,5,6,0,0,0,0,1,0,0
7.483333333333333,2021,5,7,1,0,0,0,0,0,0
7.016666666666668,2021,5,8,0,0,1,0,0,0,0
6.733333333333333,2021,5,9,0,0,0,1,0,0,0
6.375,2021,5,10,0,1,0,0,0,0,0
7.875,2021,5,11,0,0,0,0,0,1,0
6.916666666666667,2021,5,12,0,0,0,0,0,0,1
6.65,2021,5,13,0,0,0,0,1,0,0
6.216666666666667,2021,5,14,1,0,0,0,0,0,0
7.416666666666667,2021,5,15,0,0,1,0,0,0,0
6.508333333333334,2021,5,16,0,0,0,1,0,0,0
6.383333333333334,2021,5,17,0,1,0,0,0,0,0
7.791666666666667,2021,5,18,0,0,0,0,0,1,0
6.358333333333333,2021,5,19,0,0,0,0,0,0,1
6.591666666666667,2021,5,20,0,0,0,0,1,0,0
7.608333333333333,2021,5,21,1,0,0,0,0,0,0
8.916666666666666,2021,5,22,0,0,1,0,0,0,0
5.416666666666666,2021,5,23,0,0,0,1,0,0,0
6.475,2021,5,24,0,1,0,0,0,0,0
7.633333333333333,2021,5,25,0,0,0,0,0,1,0
5.883333333333334,2021,5,26,0,0,0,0,0,0,1
8.891666666666667,2021,5,27,0,0,0,0,1,0,0
7.05,2021,5,28,1,0,0,0,0,0,0
6.991666666666666,2021,5,29,0,0,1,0,0,0,0
5.333333333333333,2021,5,30,0,0,0,1,0,0,0
7.608333333333333,2021,5,31,0,1,0,0,0,0,0
5.991666666666667,2021,6,1,0,0,0,0,0,1,0
7.141666666666668,2021,6,2,0,0,0,0,0,0,1
7.008333333333333,2021,6,3,0,0,0,0,1,0,0
6.966666666666667,2021,6,4,1,0,0,0,0,0,0
8.391666666666666,2021,6,5,0,0,1,0,0,0,0
7.991666666666666,2021,6,6,0,0,0,1,0,0,0
5.983333333333333,2021,6,7,0,1,0,0,0,0,0
5.908333333333334,2021,6,8,0,0,0,0,0,1,0
6.383333333333334,2021,6,9,0,0,0,0,0,0,1
9.85,2021,6,10,0,0,0,0,1,0,0
7.2,2021,6,11,1,0,0,0,0,0,0
8.4,2021,6,12,0,0,1,0,0,0,0
7.075,2021,6,13,0,0,0,1,0,0,0
6.566666666666666,2021,6,14,0,1,0,0,0,0,0
6.758333333333334,2021,6,15,0,0,0,0,0,1,0
7.133333333333333,2021,6,16,0,0,0,0,0,0,1
7.358333333333333,2021,6,18,1,0,0,0,0,0,0
8.525,2021,6,19,0,0,1,0,0,0,0
7.625,2021,6,20,0,0,0,1,0,0,0
7.333333333333333,2021,6,21,0,1,0,0,0,0,0
7.550000000000001,2021,6,22,0,0,0,0,0,1,0
7.658333333333333,2021,6,23,0,0,0,0,0,0,1
6.3,2021,6,24,0,0,0,0,1,0,0
6.45,2021,6,25,1,0,0,0,0,0,0
8.283333333333333,2021,6,26,0,0,1,0,0,0,0
6.516666666666667,2021,6,27,0,0,0,1,0,0,0
7.675,2021,6,28,0,1,0,0,0,0,0
6.416666666666667,2021,6,29,0,0,0,0,0,1,0
8.275,2021,6,30,0,0,0,0,0,0,1
7.399999999999999,2021,7,1,0,0,0,0,1,0,0
6.116666666666666,2021,7,2,1,0,0,0,0,0,0
7.983333333333333,2021,7,3,0,0,1,0,0,0,0
7.375,2021,7,4,0,0,0,1,0,0,0
7.441666666666666,2021,7,5,0,1,0,0,0,0,0
6.816666666666666,2021,7,6,0,0,0,0,0,1,0
8.525,2021,7,7,0,0,0,0,0,0,1
6.325,2021,7,8,0,0,0,0,1,0,0
7.2,2021,7,9,1,0,0,0,0,0,0
6.816666666666666,2021,7,10,0,0,1,0,0,0,0
6.083333333333334,2021,7,11,0,0,0,1,0,0,0
5.733333333333333,2021,7,12,0,1,0,0,0,0,0
6.383333333333333,2021,7,13,0,0,0,0,0,1,0
6.158333333333333,2021,7,14,0,0,0,0,0,0,1
6.433333333333333,2021,7,15,0,0,0,0,1,0,0
5.866666666666666,2021,7,16,1,0,0,0,0,0,0
6.183333333333334,2021,7,17,0,0,1,0,0,0,0
7.55,2021,7,18,0,0,0,1,0,0,0
6.9,2021,7,19,0,1,0,0,0,0,0
7.291666666666666,2021,7,20,0,0,0,0,0,1,0
7.758333333333334,2021,7,21,0,0,0,0,0,0,1
7.133333333333333,2021,7,22,0,0,0,0,1,0,0
7.55,2021,7,23,1,0,0,0,0,0,0
8.0,2021,7,24,0,0,1,0,0,0,0
5.775,2021,7,25,0,0,0,1,0,0,0
8.1,2021,7,26,0,1,0,0,0,0,0
5.3,2021,7,27,0,0,0,0,0,1,0
7.383333333333333,2021,7,28,0,0,0,0,0,0,1
6.958333333333333,2021,7,29,0,0,0,0,1,0,0
6.666666666666666,2021,7,30,1,0,0,0,0,0,0
6.7250000000000005,2021,7,31,0,0,1,0,0,0,0
6.75,2021,8,1,0,0,0,1,0,0,0
6.616666666666666,2021,8,2,0,1,0,0,0,0,0
5.675,2021,8,3,0,0,0,0,0,1,0
8.766666666666666,2021,8,4,0,0,0,0,0,0,1
7.2666666666666675,2021,8,5,0,0,0,0,1,0,0
5.691666666666666,2021,8,6,1,0,0,0,0,0,0
7.9,2021,8,7,0,0,1,0,0,0,0
7.2,2021,8,8,0,0,0,1,0,0,0
6.225,2021,8,9,0,1,0,0,0,0,0
6.166666666666666,2021,8,10,0,0,0,0,0,1,0
5.058333333333334,2021,8,11,0,0,0,0,0,0,1
7.991666666666667,2021,8,12,0,0,0,0,1,0,0
7.275,2021,8,13,1,0,0,0,0,0,0
4.858333333333333,2021,8,14,0,0,1,0,0,0,0
9.066666666666666,2021,8,15,0,0,0,1,0,0,0
5.55,2021,8,16,0,1,0,0,0,0,0
6.641666666666667,2021,8,17,0,0,0,0,0,1,0
8.558333333333334,2021,8,18,0,0,0,0,0,0,1
7.016666666666666,2021,8,19,0,0,0,0,1,0,0
5.775,2021,8,20,1,0,0,0,0,0,0
7.833333333333333,2021,8,21,0,0,1,0,0,0,0
8.266666666666667,2021,8,22,0,0,0,1,0,0,0
7.283333333333332,2021,8,23,0,1,0,0,0,0,0
5.391666666666667,2021,8,24,0,0,0,0,0,1,0
6.216666666666667,2021,8,25,0,0,0,0,0,0,1
7.141666666666667,2021,8,26,0,0,0,0,1,0,0
6.875,2021,8,28,0,0,1,0,0,0,0
6.824999999999999,2021,8,29,0,0,0,1,0,0,0
7.033333333333333,2021,8,30,0,1,0,0,0,0,0
7.041666666666666,2021,8,31,0,0,0,0,0,1,0
7.4,2021,9,1,0,0,0,0,0,0,1
7.191666666666666,2021,9,2,0,0,0,0,1,0,0
5.7,2021,9,3,1,0,0,0,0,0,0
8.65,2021,9,4,0,0,1,0,0,0,0
7.175000000000001,2021,9,6,0,1,0,0,0,0,0
7.391666666666667,2021,9,7,0,0,0,0,0,1,0
6.425000000000001,2021,9,8,0,0,0,0,0,0,1
7.258333333333334,2021,9,9,0,0,0,0,1,0,0
6.308333333333334,2021,9,10,1,0,0,0,0,0,0
6.608333333333333,2021,9,11,0,0,1,0,0,0,0
8.408333333333333,2021,9,12,0,0,0,1,0,0,0
7.233333333333333,2021,9,13,0,1,0,0,0,0,0
6.316666666666666,2021,9,15,0,0,0,0,0,0,1
7.725,2021,9,16,0,0,0,0,1,0,0
5.983333333333333,2021,9,17,1,0,0,0,0,0,0
6.983333333333333,2021,9,18,0,0,1,0,0,0,0
5.591666666666667,2021,9,19,0,0,0,1,0,0,0
7.775,2021,9,20,0,1,0,0,0,0,0
6.45,2021,9,21,0,0,0,0,0,1,0
6.491666666666666,2021,9,22,0,0,0,0,0,0,1
6.108333333333333,2021,9,23,0,0,0,0,1,0,0
6.033333333333333,2021,9,24,1,0,0,0,0,0,0
6.658333333333333,2021,9,25,0,0,1,0,0,0,0
6.291666666666667,2021,9,26,0,0,0,1,0,0,0
5.783333333333333,2021,9,27,0,1,0,0,0,0,0
8.166666666666666,2021,9,28,0,0,0,0,0,1,0
6.05,2021,9,29,0,0,0,0,0,0,1
7.191666666666666,2021,9,30,0,0,0,0,1,0,0
7.45,2021,10,1,1,0,0,0,0,0,0
6.583333333333333,2021,10,2,0,0,1,0,0,0,0
7.566666666666666,2021,10,3,0,0,0,1,0,0,0
7.533333333333333,2021,10,4,0,1,0,0,0,0,0
6.791666666666667,2021,10,5,0,0,0,0,0,1,0
6.983333333333333,2021,10,6,0,0,0,0,0,0,1
6.7,2021,10,7,0,0,0,0,1,0,0
8.375,2021,10,8,1,0,0,0,0,0,0
7.666666666666666,2021,10,9,0,0,1,0,0,0,0
8.333333333333334,2021,10,10,0,0,0,1,0,0,0
6.608333333333333,2021,10,11,0,1,0,0,0,0,0
6.216666666666667,2021,10,12,0,0,0,0,0,1,0
5.908333333333334,2021,10,13,0,0,0,0,0,0,1
7.625,2021,10,14,0,0,0,0,1,0,0
7.75,2021,10,15,1,0,0,0,0,0,0
6.199999999999999,2021,10,16,0,0,1,0,0,0,0
7.5166666666666675,2021,10,17,0,0,0,1,0,0,0
6.8,2021,10,18,0,1,0,0,0,0,0
7.891666666666667,2021,10,19,0,0,0,0,0,1,0
7.491666666666667,2021,10,20,0,0,0,0,0,0,1
7.425000000000001,2021,10,21,0,0,0,0,1,0,0
6.591666666666667,2021,10,22,1,0,0,0,0,0,0
7.058333333333334,2021,10,23,0,0,1,0,0,0,0
6.775,2021,10,24,0,0,0,1,0,0,0
7.691666666666666,2021,10,25,0,1,0,0,0,0,0
7.358333333333333,2021,10,26,0,0,0,0,0,1,0
5.775,2021,10,27,0,0,0,0,0,0,1
8.666666666666666,2021,10,28,0,0,0,0,1,0,0
8.508333333333333,2021,10,29,1,0,0,0,0,0,0
6.866666666666667,2021,10,30,0,0,1,0,0,0,0
6.3,2021,10,31,0,0,0,1,0,0,0
6.45,2021,11,1,0,1,0,0,0,0,0
6.458333333333333,2021,11,2,0,0,0,0,0,1,0
6.675,2021,11,3,0,0,0,0,0,0,1
6.775,2021,11,4,0,0,0,0,1,0,0
7.266666666666667,2021,11,5,1,0,0,0,0,0,0
5.941666666666666,2021,11,6,0,0,1,0,0,0,0
6.516666666666667,2021,11,7,0,0,0,1,0,0,0
6.391666666666667,2021,11,8,0,1,0,0,0,0,0
6.333333333333333,2021,11,9,0,0,0,0,0,1,0
7.341666666666667,2021,11,10,0,0,0,0,0,0,1
7.233333333333333,2021,11,11,0,0,0,0,1,0,0
7.433333333333334,2021,11,12,1,0,0,0,0,0,0
7.833333333333334,2021,11,13,0,0,1,0,0,0,0
8.975,2021,11,14,0,0,0,1,0,0,0
7.658333333333333,2021,11,15,0,1,0,0,0,0,0
5.641666666666667,2021,11,16,0,0,0,0,0,1,0
6.708333333333334,2021,11,17,0,0,0,0,0,0,1
7.7,2021,11,18,0,0,0,0,1,0,0
7.108333333333333,2021,11,19,1,0,0,0,0,0,0
7.274999999999999,2021,11,20,0,0,1,0,0,0,0
6.6,2021,11,21,0,0,0,1,0,0,0
7.216666666666667,2021,11,22,0,1,0,0,0,0,0
7.15,2021,11,24,0,0,0,0,0,0,1
7.241666666666666,2021,11,25,0,0,0,0,1,0,0
8.716666666666667,2021,11,26,1,0,0,0,0,0,0
6.341666666666667,2021,11,27,0,0,1,0,0,0,0
7.158333333333333,2021,11,28,0,0,0,1,0,0,0
6.041666666666667,2021,11,29,0,1,0,0,0,0,0
5.833333333333333,2021,11,30,0,0,0,0,0,1,0
7.358333333333333,2021,12,1,0,0,0,0,0,0,1
7.55,2021,12,2,0,0,0,0,1,0,0
7.075,2021,12,3,1,0,0,0,0,0,0
6.141666666666667,2021,12,4,0,0,1,0,0,0,0
5.533333333333333,2021,12,5,0,0,0,1,0,0,0
6.133333333333334,2021,12,6,0,1,0,0,0,0,0
6.1,2021,12,7,0,0,0,0,0,1,0
6.141666666666667,2021,12,8,0,0,0,0,0,0,1
6.766666666666667,2021,12,9,0,0,0,0,1,0,0
5.8,2021,12,10,1,0,0,0,0,0,0
8.583333333333334,2021,12,11,0,0,1,0,0,0,0
6.8583333333333325,2021,12,12,0,0,0,1,0,0,0
7.008333333333334,2021,12,13,0,1,0,0,0,0,0
5.6,2021,12,14,0,0,0,0,0,1,0
6.733333333333333,2021,12,15,0,0,0,0,0,0,1
5.933333333333334,2021,12,16,0,0,0,0,1,0,0
7.725,2021,12,17,1,0,0,0,0,0,0
7.9,2021,12,18,0,0,1,0,0,0,0
5.716666666666667,2021,12,19,0,0,0,1,0,0,0
6.783333333333333,2021,12,20,0,1,0,0,0,0,0
6.575,2021,12,21,0,0,0,0,0,1,0
6.15,2021,12,22,0,0,0,0,0,0,1
7.433333333333334,2021,12,23,0,0,0,0,1,0,0
5.233333333333333,2021,12,24,1,0,0,0,0,0,0
7.933333333333334,2021,12,25,0,0,1,0,0,0,0
3.85,2021,12,26,0,0,0,1,0,0,0
6.175000000000001,2021,12,29,0,0,0,0,0,0,1
5.158333333333333,2021,12,30,0,0,0,0,1,0,0
5.908333333333333,2021,12,31,1,0,0,0,0,0,0
